1date,2title,3link,4content,5comments,6comments_num,7hits_num,8tags
2017-01-30,"
                    
                    
                    
                    '수능특강' 국어 교재 활용법
                ",https://orbi.kr/00011013896," 안녕하세요오르비 인강 국어 선생중 한 명인'국력'샘입니다.오늘은 '수능특강' 국어 교재 활용법에 대해 알려드리겠습니다.1. 수능특강 '화작문'화작은 개념 학습이 없다고 봐도 무방합니다.1) 영역별 문제 유형 파악2) 유형에 따른 문제풀이 공식의 철저한 실전연습이것이 답입니다.이에 대응하여 수능특강을 활용하시면 됩니다.(팩트 폭격 주의)솔직히 연계가 체감률이 0%에 가까운 영역이 '화작'입니다....ㅋㅋㅋ화작이 약한 친구들 특히 화작 문제풀이 연습용으로 사용하시기를 권합니다.문법은....제가 작년에 재수생을 가르치면서 느낀 치명적 모습이 바로수능특강 화작문 책으로 문법 개념 정리하겠다는 친구였습니다.좋은 책 많습니다.수능특강으로 문법 개념치지 마세요.철저히 피봅니다.수능특강은 개념서가 아니라 문제풀이 책입니다.문법 개념이 다 머리에 정리된 후 실전 문제풀이용으로 사용하십시오.즉, 수능특강 화작문은 문제풀이 연습용 책입니다. 6월 모평 전후의  실전 연습용으로 사용할 것을 권합니다.  2. 수능특강 '독서'독서도 개념 학습이 없다고 봐야 합니다.그러면 이렇게 질문할지 모르겠습니다""어? 샘 수특 독서 책에 보면, 개념학습이 앞에 있는데요?""그 영역은 개념학습이 아니라 사실상 글의 핵심어가 어디 있으며, 문제풀이 방법이 어떻게 되는지를 교육과정에 맞게 포장한 부분입니다.(물론 포장이 되면서 수능과 괴리감이 있는 문항들이 몇 보입니다....) 독서!1) 문제 유형 파악과 영역별 특징 파악2) 유형과 영역별 특징 분석에 따른 문제풀이 공식의 철저한 실전연습이것이 답입니다.이에 대응하여 수능특강을 활용하시면 됩니다.(팩트 폭격 주의)솔직히 독서도 연계 체감률이 0%에 가까운 느낌....ㅠㅠ독서의 경우 특히 구성상 자신이 약한 문항 유형 혹은 약한 영역(기술, 과학 등) 연습에 특화된 책입니다.즉, 수능특강 독서도 문제풀이 연습용 책입니다. 6월 모평 전의  실전 연습용으로 사용할 것을 권합니다.(수특 독서가 내신으로 들어가는 경우가 많으니 2월에 미리 풀어 두면 좋습니다.)  3. 수능특강 '문학'문학은 개념 학습이 명확히 있습니다.가장 기초적인 문학 개념어의 학습이 이루어진 후에 수특을 건들길 추천합니다. 수특에는 친절한 개념 설명이 ㅠㅠ문학!1) 문제 유형 파악2) 문제 유형 분석에 따른 문제풀이 공식의 철저한 실전연습이것이 답입니다.이에 대응하여 수능특강을 활용하시면 됩니다.문학은 비교적 알짜배기 책입니다. 연계 체감률이 높은 편이니까요!솔직히 화작문과 독서는 수특의 영향력이 약해 단순한 문제풀이집입니다.....ㅋㅋ 그러나 문학은 실제로 연계가 되고 있는 편에 속하니 ‘꼭’ 풀어 볼 것을 권합니다^^ 시기는 마찬가지로 6월 전으로 진행하시면 됩니다.참!“샘! 3월 모평이 기준이 아니라 왜 6월 모평을 기준으로 말씀하시나요?”라는 질문이나올 수 있을 것 같은데 작년 3월과 수능을 비교해보십시오....6월, 9월 모평이 진짜 수능 모의 시험입니다. 3월 모평에 너무 많은 의미부여를 하기보다는 수능에 견주어 자신의 위치를 확인하고, 취약점을 잡아가세요 제발....그리고 다시 한 번 더 강조하지만 수능특강은 개념서가 아닙니다. 개념이 잡히고 나서 문제풀이를 진행하시기를 다시 한 번 더 권합니다.여러분의 시행착오를 최소화하기위해 권합니다!!여러분 사랑합니다 힘쇼!!(설에 밥 잘먹고 갑자기 사랑 고백 ㅋㅋㅋ) "," 이건 슼감이야!  슼감이 무슨 뜻인가요 ㅠㅠ '와드'이후 또 새로운 어휘의 충격...ㅋㅋㅋㅋ  슼보고지나친다는거예요..ㅎㅇㅌ  아 그런 뜻이었군요...ㅋㅋㅋㅋㅋ 아재인증이네요 ㅠㅠ  아놔 아재인증이라니까 좋아요 누른 사람들 슬프네요 ㅠㅠ ㅋ ㅋ  스크랩 감 아님?? 저도 이건 닥 스크랩 이닷 이러면서 봤는디  고마워요 사랑합니다~ ㅋㅋㅋ  선추천 후 감상  감사합니다 궁금점 언제든 질문 고곡!!  문법 책 추천 좀 부탁드려도 될까요? 문법의 끝으로 공부할지 교과서로 공부할지 고민입니다. 교과서가 괜찮다면 어떤 출판사를 추천하시는지도 궁금해요.  쪽지로 알려드릴게요~  저도 부탁드립니다!!  열심히살기 친구 안녕하세요~ 쪽지갑니다^^  혹시 저도좀 부탁드려도될까요ㅠㅠ  연대 18학번 됩니다!! 쪽지 드릴게요~  저는뮨끝별로엿어요ㅠㅠ  뮨끝이 참 좋은 책인 것은 확실한데 아무래도 개념서다보니 시원시원하게 보기는 어려울 수 있습니다. 널찍 널찍하고, 확인문제가 배치된 교재를 원하시면 추천 혹은 제 인강 교재 파일로 보내드리겠습니다^^  저두 문법책 추천좀 부탁드릴게요  쪽지 고고~  감사합니다  알러뷰! ㅋ  저도 문법책 추천 부탁드려요!!  쪽지 달립니다~ㅋ ㅋ  힝 국력샘 저도 문법책 추천해주세요:)  헬로우~ 문법책 추천 쪽지 댓글 많네요 ㅋ ㅋ   저도 이번 수능 문법에서 나가서ㅠㅠ 책 추천 받고싶어용  설대를 위해! 쪽지갑니다  강의듣고 비문학에서 어휘 문제풀이를 그냥 첫빠로 옮겼습니다. 해봐서 맞는지 보려고요.  소부 허유 ㅋ ㅋ 닉넴 죽이네요 국어 샘으로서 참 좋습니다 ㅋ ㅋ 찬찬히 적용해보시고 어려운 점은 언제든 질문하시길~  선생님...이번에 수능 다시 시작하는 재수생인데 저도 문법 책 추천 좀 부탁드려도 될까요..?  친구 쪽지 하겠습니다^^  좋은 글 감사합니다 닥추  악어아재친구 알러뷰~ㅋ  저도 문법책 추천 부탁드려용ㅠㅠ  쪽지 달립니다! ㅋ ㅋ  저도요 문법 추천해주세요  친구 안녕하세요 쪽지 드릴게요~  저도 이번에 수능에서 문법 2개 틀리고 재수하는데 문법 교재 추천드려용!!!  에고 문법이 슬프네요 쪽지갑니다!  전 개인적으로 수능특강으로 문제가 어떤게 나오는지 보는건 별로라고 봅니다 평가원 주구장창 풀다가 이비에스 문제보면 문제갸 좀 이상하게 느껴지는 경우가 있더라구요  좋은 지적이네요 우선 그래서 개념이 모두 정리되고 나서, 그 다음 기출 유형 분석과 취약점 파악, 그 다음 수특으로 취약점 보완 및 유형 풀이 진행 들어가기를 추천합니다^^  인쇄해서 아들책상에 붙여줘야겠네요.  저도 문법교재 추천부탁드릴께요~ 감사합니다.  아들에 대한 내리 사랑이 저에게도 느켜지는 듯합니다. 부모님의 앞길과 아들의 앞길에 꽃길이 가득하길 응원합니다!  쪽지 보내드리겠습니다  저도 문법책 추천 부탁드립니당 ㅎㅎ  네 메디신 친구 ㅋ 처방약 대령하겠습니다 ㅋ ㅋ  닥추야 ~~  굴뚝에난연기공 친구 고마워요~  국력선생님 저도 추천좀 부탁드릴게요 ㅍㅍ  네 친구 과잠 입히는데 일조하러 쪽지갑니다 ㅋ  저도 추천부탁드려요~~감사합니당  윤복 친구 반가워요 ㅋ 쪽지 갑니다~  저도 추천부탁드려요ㅎㅎ  네 쪽지 갑니다~  저도 추천 부탁드려요 ㅠㅠ!  무아무아 친구 안녕하세요~ 쪽지 달립니다~  저두 문법책추천 부탁드려용!! 감사합니당  안녕하세요~ 쪽지갑니다!  저도 문법 부탁드립니다ㅠㅠ  카릌 친구 안녕하세요~ 쪽지고고!  저도 문법책 추천 좀 해주세요 ㅠㅠ 혼자 공부하려니 너무 막막...  스카이 친구 안녕하세여~ 쪽지 달립니다!!  문법책추천부탁해요국샘~~~  외모천재친구 안녕하세옄ㅋ 공부천재를 향하여 쪽지 갑니다!  저도 문법책 추천 부탁드려요ㅠㅠ  친구 안녕하세요~ 쪽지 하겠습니다^^  저도 문법책 추천 부탁드립니다  네 친구 안녕하세요 추천 쪽지 갑니다~  저도 문법책 추천하시는거 알려주실수 있나요??  안녕하세요~ 쪽지 고고!  저도 문법책 추천해주시겠어요??  별 친구 안녕하세요^^ 쪽지 추천드릴게요~  우와 저도 문법책 추천해주실수 있나요? 오르비에서 처음 댓글 달아봐요ㅠㅠ  첫 댓글이군요! 친구 환영합니다 ㅋ 쪽지 가겠습니다 ~  저....저도.... 고생 많으시네요...ㅜㅜ 지금 떠먹는ㄱㅇㅁㅂ..!! 하고있는데 괜찮나양?  귀욤 터지는 친구 쪽지 드릴게요~ㅋ  작년에 수특을 그냥 문제집 1 문제집 2처럼 공부한 1인.. 학교수업 포함해서 딱 두번돌린ㅋㅋ 심지어 수완은 한번봣음ㅋㅋㅋ 문학 읽는걸 좋아해서 문학만 심심할때 소설읽듯 여러번 읽엇네요. 솔직히 수특수완은.. 아 정말 쓸모없는거같아요 특히 문제가..너무 거지같아.. 일개 수험생이 감히 문제질을 평가하냐하지만 그래도.. 그 쉬운 화작조차도 수능과 동떨어짐.ㅜㅜ   친구 완전 사이다 인증이네요 ㅋㅋ  저도 문법책 추천해주세요 ㅠ 수능에서 2개틀렸어요  친구 의대 무조건 갑니다!! 아자아자!! 쪽지 보내드릴게요~  우왕 ㅠㅠ가난한 재수생이라 다 사야될지 고민하고있었는데 문학책부터 사서 공부해야겠어요 감사합니다!! 혹시 문법책 추천해주실수있으신가여?  설머 친구 안녕하세요~ 네 쪽지 고고!  선생님 저도 문법책 추천부탁드립니당!  그대의 앞길이  언제나 반짝반짝 빛나길! 쪽지 갑니다~  회원에 의해 삭제된 글입니다.  선생님 재수생이구유 수특 어찌 할까 고민중에  글을 읽게 되었네요 정답인듯 너무나 반가운 글입니다 고맙습니다  그리고 저도  문법책 추천 부탁 드립니다  하호 친구 안녕하세요^^ 쪽지고고합니다~  저도 문법책 추천좀 부탁드려요!ㅎㅎ  친구 반가워요^^ 쪽지 고고!  저도 문법책 쪽지 좀 부탁드립니다.~  네 친구 안녕하세요^^ 쪽지갑니다~  문법책 쪽지 부탁드립니다~~  네 쪽지 드리겠습니다~  저도 아들 위해 문법책 추천 필요합니다~~!!  안녕하세요^^ 쪽지 드리겠습니다  저도 문법책좀 추천해주실수 있을까요ㅠ 문법만 꼼꼼히 파고 있을수는 없겠지만 그래도 개념이 헷갈릴때 꽉 잡아주는 기준이 될만한 알찬 책이면 좋을것같아요ㅠㅠ  네 쪽지 갑니다~  저도 문법책 추전 부탁드립니다~~~  네 쪽지 드릴게요~  저도 수능칠때까지 두고두고 볼수있는 문법책 추천해주세요!! 감사합니다~  국력쌤! 저도 문법책 추천 부탁드려요^-^  저도문법책추천부탁드려요~~!  샘... 저두추천이용... 문법이 약하네요;;  저두 문법책 추천해주세요! ",102,14953,   재수생 학습 캐스트 국어 수능특강 국력 클래스 추천  
2017-01-29,"
                    
                    
                    
                    수능특강 문학
                ",https://orbi.kr/00010996403, Ebs에서 윤혜정쌤 강의로 충분할까요?? , 문학좋음 ,1,395,   국어 99년생 모바일  
2017-01-27,"
                    
                    
                    
                    빈칸추론 2개 풀어보세요! (연계 + 기출변형)
                ",https://orbi.kr/00010946293, 연계는 32번 (수능특강 영어 2강 5번 문제)기출 변형은 33번 (2014 수능 영어 B형 35번)피드백 부탁드려요 ㅎㅎ ," 핳핳 영어실력이 쑥쑥 느는느낌이 하나도 안난다  회원에 의해 삭제된 글입니다.  첫번째 5  맞아요 ㅎㅎ  위에꺼 5번 맞나요 ㅠ? 해석은 다 됬는데 답에 확신이 없네요        님의 2017학년도 대수능 성적표          구분 표점 백 등     한국사 - - 1   국어 100 44 5   수학 (가) 100 39 6   영어 100 48 5   지구과학1 50 48 5   지구과학2 50 52 5    - 오르비 모의지원 제공  상황에 따라 선호하는 색깔이 다르다  맞아요 ㅎㅎ  5번 3번..??  밑에는 3번이 아니에요 ㅠㅠ 좀 더 분명하라고 살짝 수정했으니 확인해보세요 ㅎㅎ  12345554321 56789398765  좋은 문제 감사합니다 자주 풀게영 밑에 56789498765  둘 다 정답!  진짜 에피가 왜 에피인지 알겠어요 엉엉ㅜㅜ 공부 안하니까 단어 모르는 게 너무 많아요ㅜㅜ  둘 다 최대한 수능 수준 어휘로 내려고 했는데,  32번 같은 경우에는 선지에 dichotomous가 되게 어려운 단어고, 33번은 지문 자체가 너무 어려워서.... 단어는 공부하는 만큼 늘어요 화이팅!  55...? 밑에지문어려워요ㅠㅠ  아래꺼 저거 유명한 지문이군 ",15,639,   영어 EBS  
2017-01-26,"
                    
                    
                    
                    수특 문학 목록
                ",https://orbi.kr/00010934458, 수능특강을 아직 안 사서 그러는데 이번 수특 문학 작품 목록 아시는 분 계신가요?이번 수특 문학작품 목록 있는 사이트는 있나요? , 이비에스에서 책 다운 가능하지 않나요??  EBS에 있는 pdf 파일은 2월 8일에 오픈한다고 하네요..  메가 엄선경T 공지사항 보면 있어요 ,3,513,   국어 재수생 98년생 모바일  
2017-01-25,"
                    
                    
                    
                    수능특강
                ",https://orbi.kr/00010918860, 국어 문학 수능특강 따로 강의나 학원없이 혼자 공부해도 될까요? 분석교재 같은걸로요. 그리고 수학 수능특강 한번 씩은 풀어보는게 좋겠죠? ," 미츠하 <3 를 사랑하는 분이신데 댓글이 없으셔서 제가 이렇게 댓글 답니다. 현역이었구요 수능때 1등급 찍었습니다. (국어) 국어, 수학, 영어를 막론하고 수능특강은 '감' 잡는 용이지 그렇게 많이 신경쓰실 필요는 없어요! 특히 물어보신 수학은 ㄴㄴ.. 전혀.. 솔직히 한 번 쯤은 푸셔도 되는데 (풀지 말라고 해도 다들 푸시죠)ㅋㅋㅋ 전혀 풀 필요 없습니다.  국어는 그 분석교재 좋구요~ 분석교재로 수능 전에 1주일 정도 시간 잡아서 한 번 훑었어요. 강의 들으면서 하면 시간 잘 가고 그나마 공부하기 편하니까 듣는 것도 괜찮을 것 같아요~   고3 생활 벅찰 것 같은데 힘내요! 지나보면 정말 별 거 아니에요! 힘내요 <3 또 댓글 다시면 답변 해 드릴게요!  감사합니다.. 이제야 봤네요. 분석교재는 어떤게 좋은가요? 박광일 선생님꺼 나오면 쓰려는데 괜찮을까요 ",2,334,   국어 수학 공부질문 모바일  
2017-01-25,"
                    
                    
                    
                    설날에 뭐할지 추천해주세용★ (객관식)
                ",https://orbi.kr/00010918413, 최근3~4일을 놀았다는 전제하에 1.하루만놀고 공부2.국어문법씹어먹기3.ebs수능특강 아무거나한권 삼키기4.현재와같이 밸런스있게 공부5.한과목만파기6.이틀놀고 공부7.내내놀기8.네네치킨시켜먹기9.겨울잠자기10. 기타추천 , 8ㄱㅇㄷ  7번이랑라임센스 ㅇㅈ?  7+8=꿈의 라이프  꿈의라이프지만 내꿈을 이룰순 없으니 안돼요  멘탈 ㅇㅈ  158  오 적절한 것 같아요 !ㅋㅋ  10. 공부를 열나게 하다가 만족할 만 큼 하면 그때부터 놀기  오이것도 괜찮은듯 ㅎㅎ  7 9  너무막장인데 ..  하루만 공부해도 성공한 설날이실듯..  한12시간하면 나머지노는것도 좋을듯 ㅎㅎ  그냥 노세요 어차피 공부안됨 ㅎ  그러고싶지만.. ㅠ  6아니면7  7은 설날지나고 다시공부하려면 힘이들듯..   8888 ㅎㅇㄷ  ㄱㅇㄷ !  4.아스날  이해못했어요 아스날은축구팀아니에요??  아스날이 항상 4위라서.... 뭐 아스날 4위는 과학이라나...  아하ㅋㅋㅋ  명절날엔 공부가안됩니다 ,24,407,   96년생 97년생 재수생 독학생 98년생 모바일  
2017-01-24,"
                    
                    
                    
                    수능특강
                ",https://orbi.kr/00010890355, 언제 나와여....?왜 말이 없지 ," 나왔을걸요?   EBS수능특강 국어화법, 작문 출시일: 2월 7일 출시예정 EBS수능특강 국어 독서 출시일: 2월 3일 출시예정 EBS수능특강 국어 문학 출시일 : 1월 24일 출시예정 EBS수능특강 수학영역 확통 출시일 : 1월 23일 출시예정 EBS수능특강 수학 기하와 백터 출시일 : 1월 23일 출시예정 EBS수능특강 미적분2 출시일: 2월 6일 출시예정  EBS수능특강 영어 출시일 : 1월 25일 출시 발송예정 EBS수능특강 사탐 출시일 : 2월 10일 출시예정 EBS수능특강 과탐출시일 : 1월 31일 출시예정  5일 전 블로그 게시글 긁은 거예요  발송예정이 출시예정이죠? 정성 감사합니다ㅜㅜㅜ긁어서 댓 달아주신 것만으로도 어디예요ㅠㅠ간간히 읽겠습니다 ",3,389,   생활상담실 모바일  
2017-01-24,"
                    
                    
                    
                    수능특강 다 사야하나요
                ",https://orbi.kr/00010886189, ㅈㄱㄴ이과입니다! , 국어 화작문이랑 영어 듣기는 패스하셔도 됩니당  나머진 다 사야겠죠?  전 문과여서 수학도 안 샀었어요 이과는 모르겠네요  감사합니다 ㅎㅎ  문학 영어 탐구!  수학은 볼까요?  저도 문과긴 하지만 수학도 걸렀어요 ㅠ   감사합니다! ,8,623,   99년생 모바일  
2017-01-22,"
                    
                    
                    
                    듀냐 연계교재 질문 
                ",https://orbi.kr/00010862498," 안녕하세요 올해 수능 보게 될 학생입니다 ㅠㅠ..수능특강 예약받고있대서 풀긴풀어야될텐데 이 책을 갖고 어떻게 공부를 해야될 지가 모르겠어요연계표 듀냐홈페이지가서 찾아보니까 대다수가 연계되어있다고 하지만 막상 자세히 보면 다루는 소재가 같아서 연계에 포함시키거나 해당은 되는데 그 지문의 다른 부분을 넣거나 이런식인데도 포함해놓은게 많더라구요. 즉, 체감연계율은 ebsi에서 홍보하는 만큼은 아닌것 같다는 느낌이 들었습니다.실력쌓는 공부도 해야되는데 연계교재에 어느정도만큼을 투자해야될 지도 막막하네요주변에서 보니까 영어지문외웠다는 사람들도 있는데 진짜 이렇게 공부해야되나요..?작년에 수능 보신분들 조언좀 부탁드립니다 ㅠㅠ..ㅠ..ㅠ ", 연계교재 지문들을 외워서 수능에서 알아보고 풀어야겠다! 하는 마인드보다는 연계교재를 통해서 대략적인 수능문제의 감을 익히고 공부하자는 마인드로 하는게 좋을 듯해요. 영어는 특히 반복학습이 중요한대 절평이라 뭐 적당히 하시고 국어 지문들은 지식으로 머릿속에 넣어두는 편이 나중에 시험에 유리할 걸요 ,1,427,   공부질문  
2017-01-22,"
                    
                    
                    
                    수능특강 다 사야하나
                ",https://orbi.kr/00010856326, 수특을 학교에서 뭘로 수업할지 모르겠네영 쫌 기다렸다가 사람들 후기보고 살까여 일단 문학 영어 영독 수학2-미적1 확통 사문 법정은 사야할꺼같은데 독서 화작문 영듣 제2외국어는 고민중 ㅜㅜ , 한국사는 사지맙시당  네넹  현역이시면 ebs로 수업나가실지도 모르겠네영 사실 님이 필요하다고 쓰신 책이 핵심이긴 함  Ebs를 교과서로 쓴다든데 맞져??  넹 내신시험도 냈어요 저희학교는  저희학교도 보니까 3학년들 ebs수학 풀더라고요 시험기간엥  현역이면 어차피 학교에서 수업 그걸로 다해서 한국사빼고 다 사야됨  영듣은 거르시고..화작문은 사시는게 좋아여 문법체크하세여  한국사 화작문 문법은 ebs홈에서 인쇄하는걸로  문법만 따로 파일 올려요??  아뇨 교재 통째로 올리는데 문법만 인쇄하면 되니까 책사긴 아깝다는거죠  오 꿀팁 ㄱㅅㄱㅅ  국어 수학은 안사는게 답임 과탐만 사시면 됨    문과에여 ㅎㅎ 국어는 문학은 봐보라든뎅.. 독서는 비추하시고  나중에 마르고 닳도록 홈페이지에 플러스 알파닷! 으로 문학/비문학 정리돼서 나오는거 있어요. 그거 참고하시고 수능 들어가셔요  넹 꿀팁감사해옇ㅎ  아휴.. 우리학교는 화작문이 3학년때 수업 과목이라 사야되고... 수학도 사야되고.. 결론 다 사야됨 심지어 과탐2도 마찬가지  현역은 ebs가 교과서로 쓰이잖아여 학교에서 ㅜㅜ  사실상의 국정 교과서죠 ㅋㅋ  회원에 의해 삭제된 글입니다.  영어듣기 한국사 화작문은 사지마세요! 독서는 갠적으로 괜찮았는데ㅠㅠ  그러면 3개는 걸러야겠네영 독서는 후기 보고사려구여 ㅜㅜ ,21,2845,   독학생 99년생 모바일  
2017-01-21,"
                    
                    
                    
                    제2외국어 수능특강나왔나요?
                ",https://orbi.kr/00010845168, 국영수는 사진으로본거같읔데..제2외는어떠나욤 , 근데 나와도 제2 수특은 푸는사람이 없던데요  저는 대학선행으루...  저ㅇㅇ  그거 아랍어같은건파일로나오거나 이년에한번나오거나그래요 ㅋ 작년기억으론지금이맘때아직안나왔을듯  글쿤요 ㅜㅜ늦게나오나보네요  작년에 일본어했고 수완만으로 충분한거같음  ㅜㅜ저는수특이필요해서..  아랍어 하실거면 하지숙만으로 충분하다고 들었어요 ㅋㅋㅋ ,8,396,   주요대 공부질문 생활상담실 98년생 99년생 모바일  
2017-01-20,"
                    
                    
                    
                    ★[SKYEDU]★EBS 수능특강 0원!
                ",https://orbi.kr/00010821861," EBS 연계, 스카이에듀가 끝까지 책임진다★EBS 수능특강 “0원”★▼ EBS 수능특강 이벤트 바로가기 ▼ EBS 수특, 절대 돈 주고 사지 마세요!스카이에듀 선생님이 끝까지 책임지겠습니다.매일 다른 과목, 다른 선생님들이 여러분을 찾아갑니다:) 2/1(수) ~ 2/14(화) 무려 10일 동안! ★매일밤 선착순 500명★ ※ 주말에는 이벤트가 진행되지 않습니다★PLUS 소문내기 이벤트★ 지금 바로 EBS 수특 0원 이벤트 소식을 SNS에 소문내주세요!추첨을 통해 교촌 후라이드 치킨, 배스킨라빈스 싱글레귤러 등 맛있는 간식을 증정합니다:)이미지(4) EBS 수능특강 0원에 더하여영역별 1위* 선생님들이 알려주는 “EBS 수특 200% 활용법”까지 공개하니 꼭 놓치지 마세요:)▶ EBS 수능특강 0원 이벤트 바로가기 ◀-----------------------------------------------------------------수학 만점으로 가는 첫걸음, 정상개념으로 시작하세요!“2018 수능대비 정상개념”▼ 수학 정상모 선생님의 2018 정상개념 바로가기 ▼대치/목동/분당 교육 특구 조기 마감*의 신화!오프라인에서 어렵게 찾지 마세요, 온라인에서 여러분과 함께합니다★정상개념 0원 수강 이벤트 특/별/연/장★정상모 선생님의 수학Ⅱ, 미적분Ⅱ, 기하와 벡터정상개념 강좌를 “0원”에 수강하세요!더하여 30% 수강 할인 권까지 제공하는 푸짐한 이벤트:)[이벤트 기간] 1/26(목) ~ 1/31(화), 단 6일!교육특구 조기마감 강의를 0원에 들을 수 있는 기회!꼭 놓치지 마세요~▼ 정상개념 0원 수강 이벤트 바로가기 ▼▣ 수학 첫걸음, 왜 ""정상개념""이어야 할까요? ▣1. 개념에서도 Killer 문항을 제공합니다개념부터 엄선된 기출문항에서 자체 신규제작 킬러문항까지!고퀄리티 킬러문항이 익숙해질 수 있도록 개념부터 시작합니다.  2. Killer가 풀리는 기적을 제공합니다“교과서 개념 해석”과 “고난도 기출+킬러 문제 적용”의 무한 반복으로기본 개념이 아닌 문제가 풀리는 “실전형 개념”으로 바꿀 수 있습니다.3. 상상초월, 교재 업그레이드!선생님의 수업이 그대로 담긴 기본 개념서와강의 수강 후 스스로 체화할 수 있는 고난도 기출문제집까지!실력 상승에 필요한 시간 단 7주!믿고 따라 오세요, 수학 정상을 맛보실 수 있습니다:)▶ 2018 정상개념 바로가기 ◀------------------------------------------------------------- 견고해진 학습 솔루션, 더 진보된 교육 플랫폼, 단기 고득점론 2.0으로 시작합니다스카이에듀 학원X숨마투스 학원 < 2018 재수정규반 >▼ 2018 재수정규반 바로가기 ▼ 97.4%* 성적 상승으로 증명된 재수 성공 시스템스카이에듀 학원X숨마투스 학원은 결과로 증명합니다.* 재원생 1,398명 중 14수능?15수능 성적 비교가 가능한 728명 표본(2015학년도 수능 가채점 결과 기준)성공은 선택이 아닌 필수가 되어야 하기에더 진보된 교육 플랫폼을 완성했습니다.▣ 단기 고득점론 2.0 ▣실제 교육 특구 현상의 변화와 in서울, SKY, 의치대 합격생들의 빅데이터를 분석하여 오직 나만을 위한 최적화된 학습법과 성공 전략을 제시합니다. ▣ 합격 관리와 컨설팅 ▣단기 고득점론 2.0에 기반한 독보적인 학습 시스템, 학습 솔루션을 제공합니다.1. 최소 수업&성적별 선택 수업2. 검증된 전문 강사진3. 레벨별 교재와 과목별 학력 인증 시스템4. 인강 무료지원, 인강 멘토링5. 태블릿 PC로 토털 관리6. Double 담임 시스템7. 명문대 멘토&심리 전문가8. 논술&학생부전형 지원 시스템다음 입시에서 목표 대학으로 한걸음 더 나아가고 싶다면,스카이에듀 학원X숨마투스 학원 ""2018 재수정규반""을 선택하세요!선착순 마감이니 꼭 놓치지 마세요!▶ 2018 재수정규반 바로가기 ◀-----------------------------------------------------------------스카이에듀전과목 0원 프리패스 2.0 ▼ 스카이에듀 전과목 0원 프리패스 바로가기 ▼ 전과목 전강좌 수능날까지 무제한 수강!바로 ‘지금’의 선택이 in서울 합격을 결정한다!  ▣ 전과목 0원 프리패스 500% 환급 혜택 ▣ 스카이에듀 프리패스 회원이라면 당당하게 누리세요! 100%, 500% 환급 뿐만 아니라,1,500만원* 상당의 장학금 혜택까지!*장학금 기준/규모는추후 변동될 수 있으며, 자세한 사항은 2018 스카이에듀장학생 모집 시에 공지 예정  ▣ 전과목 0원 프리패스 푸짐한 혜택 ▣ (1) 2018 스터디 플래너 제공(2) 대치동 X 스타강의모의고사 제공(3) EBS 불안해소 자료집 제공(4) 의대/치대/한의대 스터디 자료집 제공(5) 입시자료집 제공 ▣ 수험생 ‘학습 보험’ 전과목 0원 프리패스 수강 이유 ▣ 1. 스카이에듀 0원 프리패스 2.0 이 모든 것을 0원 프리패스에서 제공합니다.  2. 결과로 증명된 0원 프리패스’16 수능만점자 최다회원 14명* 배출’16 SKY 등 명문대학 4,098명** 합격 *Nielsen코리안클릭고등인강 유료사이트(온라인 교육)UV.PV2016.1월**SKY등 15개대학 합격 인원(16. 03. 31 기준) 3. 단기 고득점 방법론 2.0 학습법 제공지금 바로 스카이에듀 전과목 0원 프리패스로성적향상을 이루어 보세요! ▶ 전과목 0원 프리패스 확인하기 ◀-----------------------------------------------------------------  소수만 누렸던엄선된 대치동 비법자료가 집으로! ▼ 스카이에듀 월간 대치동 2.0 바로가기▼ 구독자 5명 중 4명이 성적 향상/유지* 결과로 증명된 월간 대치동이 2.0으로 업그레이드되어 돌아왔습니다.*월간 정상모 2016. 10월 331명 응답자 기준 ▣ 왜 “월간 대치동 2.0” 인가요? ▣ 1. 믿고 사는 월간 대치동안정적 1등급은 물론, 성적향상까지!월간 대치동을 선택해야 하는 이유는 명백합니다. 2. 고난도 고퀄리티 컨텐츠엄선된 집필진의 차별화된 문항과 함께라면!안정적 1등급, 걱정 없습니다.3. 선배들이 증명한 성적 향상“한 달 만에 37점 향상”, 안정적인 1등급”월간 대치동을 먼저 구독한 선배들의 이야기를 들어보면 알 수 있습니다. 4. 대치동의 빈틈없는 관리 그대로!고퀄리티 자료만 주면 월간 대치동이 아닙니다.밀림 방지를 위한 프리미엄 관리 혜택까지 연간 제공! (1) “구독자누구나” 고난도 주요문항 무료 해설강의*(2) 고난도 문항 완벽 이해, 삼위일체 학습 프로그램*(3) 대치동1년 커리큘럼 반영, 학습 계획표 제공(4) 자동채점 및 등급컷까지, 월간 대치동 APP *강사별로 상이할 수 있습니다. 5. 월간 대치동 선생님 월간 대치동은 국어 김봉소, 수학 정상모, 영어 조은정, 화학 박상현 선생님, 생명과학 박선우 선생님이 함께합니다.경쟁자보다 한 발 빠른 실전 훈련으로 안정적인 1등급을 만들어보세요!  ▣ 월간 대치동 2.0 얼리버드 이벤트 ▣월간 정상모 - 1등급선배의 막판 점검 N제월간 조은정 - 얼리버드팩10% 추가할인 + 동행 THE VOCA BIG할인월간 박상현 - 2017 수능 손글씨 해설집 월간 대치동 2.0 선착순 특별 혜택! 놓치면 안되겠죠? 지금 월간 대치동 2.0신청하고,상위권 도약을 위한 빈틈없는 학습관리를 경험해보세요!▶ 월간 대치동 2.0 바로가기 ◀ ", 솔직히 몇백명 선착순 클릭경쟁 너무 말이안되요. 그냥 시간낭비인듯 이투스든 메가든 스듀든 대성이든...  월간 차영진 내주면 삼  전 월간 이근갑  아 주간 킁갑이 이미 있군ㅇ...읍읍  꺆 ,4,3765,   옛날제휴사공지  
2017-01-19,"
                    
                    
                    
                    34614>> 한의대 도전해보겠습니다. (출사표)
                ",https://orbi.kr/00010805846," 계획과 공부방식 모두 글로 싹 정리했습니다. 300일의 전사 시작 하겠습니다.계획국어: 박광일,전형태 대성 프리패스 커리큘럼 따라가면서 3월부터 기출 병행 수학:3월까지 기초개념 충분히 응용수준까지 쌓은 후 알파테크닉+기출 병행영어:단어+어법위주로 3월까지 충분히 숙지 후 3월이후 독해병행화학:수능특강 분석이후 정훈구 커리큘럼+특강에 나오는 단위수치 싹다 외우기지구과학:3월부터 김지혁 커리 따라가면서 틈틈히 암기38일전부터 공부 했는데 익숙해지니 별로 힘들지 않네요 11월까지 300일의 전사 마음 모두변함없기를 바라면서 저는 물러가봅니다. 현역 재수 삼수 사수 N수 만학도 여러분 모두 힘내시기를 바랍니다!-2017.1.19 23:40- "," 충분히 가능합니다 현역때 저 34132였음  화이팅 응원해요  ㅍㅇㅌ  화이팅  저도 현역14144였음  화이팅  회원에 의해 삭제된 글입니다.  꼭 성공하세요. 포기하고싶을때마다 이글보세요  저도했으니 할수있어요!  응원합니다!!  같은입장으로써 화이팅해요!  회원에 의해 삭제된 글입니다.  현역 3월 영어A형 7등급 >그해 B형 수능 3등급 이후 고정1 / 성적올릴 때 영어는 단어+기본문법+구문, 처음에는 최대한 독해위주로 공부했고 어법은 수능 2달전쯤부터 정리해둬요. 참고되셨으면 좋겠네요. ",11,1865,   자유게시판 한의대  
2017-01-18,"
                    
                    
                    
                    수능특강
                ",https://orbi.kr/00010779885," 국어,영어,탐구2개 는 다 살 예정인데  수능특강 수학도 사야되요?  ", 차라리 수학을 사시고 국어를 사지 마세요. ,1,591,   자유게시판 EBS 99년생  
2017-01-18,"
                    
                    
                    
                    2018 수능특강 ebs강사 라인업
                ",https://orbi.kr/00010770299, [2018 수능특강] 독서 김미성    [2018 수능특강] 독서 유종현    [2018 수능특강] 독서 윤혜정    [2018 수능특강] 화법 작문 문법 남궁민    [2018 수능특강] 화법 작문 문법 장재혁    [2018 수능특강] 화법 작문 문법 곽동훈    [2018 수능특강] 문학 남궁민    [2018 수능특강] 문학 변아영    [2018 수능특강] 문학 윤혜정[2018 수능특강] 심주석의 수학Ⅱ 심주석    [2018 수능특강] 심주석의 미적분Ⅰ 심주석    [2018 수능특강] 이하영의 수학Ⅱ 이하영    [2018 수능특강] 이하영의 미적분Ⅰ 이하영    [2018 수능특강] 이미지의 수학Ⅱ 이미지    [2018 수능특강] 이미지의 미적분Ⅰ 이미지    [2018 수능특강] 정유빈의 수학Ⅱ 정유빈    [2018 수능특강] 정유빈의 미적분Ⅰ 정유빈    [2018 수능특강] 정승제의 확률과 통계 정승제    [2018 수능특강] 김소연의 확률과 통계 김소연    [2018 수능특강] 심주석의 확률과 통계 심주석    [2018 수능특강] 이하영의 확률과 통계 이하영    [2018 수능특강] 김명수의 미적분Ⅱ 김명수    [2018 수능특강] 김창재의 미적분Ⅱ 김창재    [2018 수능특강] 김세식의 기하와 벡터 김세식    [2018 수능특강] 차현우의 기하와 벡터 차현우[2018 수능특강] 영어듣기 김태우    [2018 수능특강] 영어 주혜연    [2018 수능특강] 영어 이아영    [2018 수능특강] 영어 정승익    [2018 수능특강] 영어 이지민    [2018 수능특강] 영어독해연습 주혜연    [2018 수능특강] 영어독해연습 이아영    [2018 수능특강] 영어독해연습 정승익    [2018 수능특강] 영어독해연습 이지민[2018 수능특강] 정선아의 한국사 정선아    [2018 수능특강] 김준우의 한국사 김준우[2018 수능특강] 이지영의 생활과 윤리 이지영    [2018 수능특강] 김종익의 생활과 윤리 김종익    [2018 수능특강] 최적의 사회문화 최적    [2018 수능특강] 김지선의 사회문화 김지선    [2018 수능특강] 강봉균의 한국지리 강봉균    [2018 수능특강] 이진웅의 한국지리 이진웅    [2018 수능특강] 민병권의 세계지리 민병권    [2018 수능특강] 이윤지의 세계지리 이윤지    [2018 수능특강] 최양진의 윤리와 사상 최양진    [2018 수능특강] 강승희의 윤리와 사상 강승희    [2018 수능특강] 권용기의 동아시아사 권용기    [2018 수능특강] 박세훈의 동아시아사 박세훈    [2018 수능특강] 최적의 법과 정치 최적    [2018 수능특강] 김예리의 법과 정치 김예리    [2018 수능특강] 류성완의 세계사 류성완    [2018 수능특강] 고아름의 세계사 고아름    [2018 수능특강] 문병일의 경제 문병일    [2018 수능특강] 윤희석의 경제 윤희석[2018 수능특강] 장동호의 물리I 장동호    [2018 수능특강] 차영의 물리I 차영    [2018 수능특강] 장인수의 물리II 장인수    [2018 수능특강] 박주원의 화학I 박주원    [2018 수능특강] 양진석의 화학I 양진석    [2018 수능특강] 손은정의 화학I 손은정    [2018 수능특강] 이희나의 화학II 이희나    [2018 수능특강] 여한종의 생명과학I 여한종    [2018 수능특강] 변춘수의 생명과학I 변춘수    [2018 수능특강] 박소현의 생명과학I 박소현    [2018 수능특강] 박기웅의 생명과학II 박기웅    [2018 수능특강] 정영일의 지구과학I 정영일    [2018 수능특강] 최선묵의 지구과학I 최선묵    [2018 수능특강] 송원희의 지구과학II 송원희    [2018 수능특강] 가사·실업 - ①인간발달 조은아    [2018 수능특강] 가사·실업 - ②생활서비스산업의 이해 이승현    [2018 수능특강] 공업 - ①공업일반 최혜진    [2018 수능특강] 공업 - ②기초제도 한지훈    [2018 수능특강] 농생명산업 - ①농업이해 이선혜    [2018 수능특강] 농생명산업 - ②농업기초기술 한석일    [2018 수능특강] 상업·정보 - ①상업경제 강은정    [2018 수능특강] 상업·정보 - ②회계원리 김아름    [2018 수능특강] 수산·해운 - ①해양의 이해 박정석    [2018 수능특강] 수산·해운 - ②수산해운산업기초 이창용    [2018 수능특강] 중국어I 이승해    [2018 수능특강] 프랑스어I 박신영    [2018 수능특강] 한문I 김재호    [2018 수능특강] 독일어I 김은경    [2018 수능특강] 러시아어I 박소윤    [2018 수능특강] 스페인어I 안주희    [2018 수능특강] 아랍어I 이인섭    [2018 수능특강] 일본어I 권혜영    [2018 수능특강] 베트남어I 이강우모커뮤 코멘트정승제T 확통!!갓선묵 지학!여전히 과탐을 미워하는 듄 (강사1명)제생각 : 갓혜정 샘 문학 독서 !! 감사합니다 , 헐 갓혜정  갓혜정 찬양해  김성은쌤 ㅠㅠ  뭐여 권용기 고아름 네임드 둘이나 하네요 ㄷㄷ  윤혜정 복귀!!!  ㅁㅊ용기띠ㅋㅋㅋㅋㄱㅋㅋㅋㅋ심심하니 가서 들어야겠다..  와 정승제 ㄷ ㄷ  확통 갓승제라니!!  권용기쌤ㅋㅋㅋㅋ심심할때 들어야지  와 김종익t 수특복귀라니 축하  와 심주석t..오랜만 ㅠ.ㅠ  이윤지선생님 레알여신  화1 손은정t !!!  배춘수쌤 계시네요 ㅎㅎ ,14,10576,   뉴스 모바일  
2017-01-15,"
                    
                    
                    
                    수능특강 국어 굳이 풀어야 하나요???
                ",https://orbi.kr/00010717976, 국어는 어차피 비문학은 연계해도 의미가 없다고 하고....문학은 연계해도 다른 부분 발췌해서 내니까 별로 의미가 없을거 같은데..그냥 생각은 나중에 박광일쌤 ebs full-e 사서 연계작품 내용정리 된것만 읽어보려고 하는데괜찮겟죠?? , 문학은푸시는게..  전걍무슨교재가더조은지비교하고찾아보기 귀차나서 닥ebs햇어여ㅋㅋㅋ 딱히나쁘진않은듯  문학은푸세요  문학은 꼭 해요 제발 난해한거 나오면 답없음  걍 하세요. 차피 문과는 공부시간 잘 나올텐데  어쩌피 시간도 많은데 풀어도될듯 전 화작문만 안품.  문학 안풀면 후회함..ㅋㅋ  현윽건 : 골라서 풀면 대학 골라서 못가요 ,8,1271,   문제집질문 국어  
2017-01-08,"
                    
                    
                    
                    의,치를 원하는 전국 N수생에게 이 글을 바침.
                ",https://orbi.kr/00010570590," 편하게 반말로 함.27살이고 군대갔다온 아저씨다. 이과생이고 생1화1선택자다. 수기를 써달라는 요청이 많아서 쓰기는 하는데, 한 번 쓴적있는데 &&'내가 뭐 대단한 사람이라고&&'라는 생각에 글을 올렸다가 바로 지웠다.최근에 군대 다녀와서 공부하려는 학생들 용기를 주고싶어서 글을 올린적 있는데, 쪽지가 많이와서성의껏 대답해 주자니 일상생활이 불가능해서 편하게 수기로 쓴다. 그리고 나 글 못쓴다. 욕하지마 ..ㅠㅠ그리고 두번째 커트라인 표시에서는 군에 복무하는 친동생에게 썻던 편지이다. 이 글을 수기형식으로 조금 다듬으면서 썻다. 홍보할 생각없고 어떤 선생님 조교도 아니다. 나는 현 교육과정에 불만이 있어서 과탐 문제집검토진에는 지금 참가중이다. 오르비저자님인데, 이름은 밝혀도 될지 안 될지 몰라 그냥 안씀.근데 특정 선생님이나 문제집 추천했다고 홍보글이라고 생각한다면 안 읽어도 좋다.나는 오르비가 후배들에게 좋은 조언과 경험을 물려주는 장으로 남았으면 한다. 요즘 이상한 훌리글이나 학교랑 학교를 비교하는 무식한 질문들만 보인다. 나에게 받은 도움이 실제로 효과를 보았다면 나중에 나처럼 도움을 주기를 바란다.좋은 것만 배워서 물려주자. 나라가 개판인데, 우리 젊은세대가 전문기술, 지식 등등을 쌓아서 바꾸어야한다. 우리가 힘내자. 미래는 우리가 바꾸자.추가로 오는 질문은 p.s형식으로 글 맨 밑에 달겟다. 질문은 쪽지로 부탁드림.우리학원은 한번 홍보함 울산대성학원 출신입니다. 울산대성 사랑해주세요.댓글로 부족한부분 지적해주신걸로 전제조건추가합니다수학과물리와예술님 댓글고생 많으셨습니다. 멋지십니다. 입시에서도 좋은 결과 있길 바랍니다.단, 이 글은 현역, 하위권 N수생이 1년만에 성과를 내고자 하는 경우에는 적절히 취사 선택해야 할 듯합니다. 이 글 공부법이 적용 되려면 몇 가지 요건이 필요합니다.1. 현역과 재수를 겪으면서 222 11 (인설 공대)2. 대학 생활을 하면서 많은 배경지식을 보유3. 24시간을 온전히 자신이 주체적으로 활용할 수 있으며, 2년의 시간이 소요됨.국어공부질문많이와서 답글 올려봅니다.http://orbi.kr/bbs/board.php?bo_table=united&tags=%EA%B5%AD%EC%96%B4&wr_id=10622870&page=0&sca=&sfl=&stx=&sst=&sod=&spt=0&page=0독학재수반에 관련하여 질문이 많아 답합니다.저는 1년간 울산대성자기주도학습반의 학생이였습니다. 울산대성학원은 자기주도학습반의 학생이라도 재수종합반과 마찬가지로 정규반 선생님들이 질문을 받아주십니다. 그런 측면에서 다른 재수학원과 조금 차이점이 있다고 생각되네요. 인터넷 Q&A로 하는 것과 대면해서 질문하는 것은 많은 차이가 있습니다. 또한 저는 울산대성재종반에서도 1년 공부했습니다. 총 2년의 시간이 소요된 것이지요. 아무 기본기 없이 독재를 하는 것은 위험 할 수있습니다.---------------------------------------------------------------------------------------------------모든 공부방식을 고민하는 학생들에게 이 글을 바친다.하지만 나의 공부방식이 100%완성되어 있다고 할 수 없고, 자신에게 맞는 공부방식은 자신이 찾아야지 누가 만들어 줄 수 없다. 그럼에도 이런 부류의 글을 읽는다는 건 불안감 때문이라고 생각한다.누구나 보이지않는 미래, 결정되지 않은 것, 처음해보는 것에 공포를 느낀다. 나도 처음에 공부할 때 정말 많은 공포를 느꼇다. 특히 모의고사를 치를 때 정말 많은 공포를 느꼇다. 손이 떨려서 문제를 풀지 못하는 경우도 있었다. 하지만 2017수능 시험장에서는 떨지 않았다. 이러한 공포감들을 많이 접하면서 익숙하게 느끼기 시작했기 때문이다. 결론적으로 말하자면, 일단 공부를 시작하고 많이 해보다 보면 이러한 것에 관련하여 공포를 느끼지 않을 것이다. 일단 도전해보고 열심히 해보고, 방향이 잘못되었다면 수정하기를 바란다. 그런 과정에서 참고했으면 하는 글이다.공부도 시작해보지 않은 채 두려움에 글을 읽지는 않는가? 누군가 성적향상사례가 있으면, 그 글을 보고 자신에게 맞지도 않는 공부방식을 끝까지 잡고 있지는 않는가? 공부방식은 계속 수정되어 나가는 것이다. 어떤 것이 효율적인지는 공부를 해본 자만이 알 수 있다. 그리고 그러한 효율성을 찾기 위해 우리는 강의를 듣고 여러 선생님들에게 조언을 받는다. 메가캐스트, 선생님들 훈시, 정신교육 등등을 무시하지말고 공부가 잘 안된다고 느껴질 때 하나씩 보기를 권장한다. 특히 신승범빠돌이인 나로써는 눈썹 선생님을 추천한다. 시기별로 정신교육을 잘해주신다. 이와 관련해서는 김기훈 선생님도 정말 좋다.불안감에 대해서 다시한번 얘기해 보자.일단 불안감은 경험해 보지 않은 것에서 오는 게 크다고 생각한다. 재수를 하는 학생이 지금 하는 재수를 경험해보고, 다가올 수능을 치는 학생이 올해 수능을 치르는 경험을 해본 상태에서 공부를 하지 않는다. 즉 생전 처음 겪는다는 말이다. 그런데 과연 이 두려움이 열정이나 의지가 없는, 목표가 허공에 흩어져서 보이지 않는, 자기 삶에대해서 깊게 고민해 보지 않은 사람에게 생길까? 그런 사람들이 두려움을 알기나 알까? 물론 수능을 공부한다고해서 자신을 깊게 성찰하고, 높은 사고를 하는 사람이 아니다. 하지만 대부분의 사람들은 목표가 뚜렷할 때 의지를 불태우며 오늘 하루를 열정적으로 보낸다. 그렇다면 이러한 의지와 열정에서 나오는 불안감, 즉 의지와 열정을 가졌기 때문에 가지는 불안감에 대해서는 당연한, 필연적인 것으로 받아들이고 차분하게, 침착하게 행동하면 어떨까? 물론 쉽지는 않다. 오늘 공부가 안되고, 수학문제가 풀리지 않으면 슬픈 것을 뛰어넘어서 가끔은 다 때려 치우고 싶어진다. 심지어는 죽고 싶다고 말하는 사람도 있다. 하지만 그러한 슬픔, 불안감, 회의감이 나의 열정과 의지로 인한 산물이라면 받아들이고 한 시간 더 공부할 수 있지 않을까? 모의고사에서 낮은 성적을 받았지만, 이렇게 실망하는 나 자신이 열정과 의지로 인한 산물이라면, 집에가서 엄마앞에서 울고 찡찡거리면서 되지도 않는 위로를 받느니, 학원에 앉아서 ‘왜 이문제를 틀렸을까? 어떤 개념을 잊은걸까? 어느 강의를 들어야 이 부분을 보완할 수 있을까?’로 바꾸어서 생각 할 수 있지 않을까?모두가 힘들어하고 불안해한다. 하지만 누군가는 그 힘든 과정, 불안한 과정을 이겨내고 묵묵히 앉아서 다시 공부를 시작한다. 이 과정이 쉽다고 얘기하는 것은 아니다. 나도 지난 2년간 운적이 많다. 어머니앞에서 정말 목놓아 운 적도 있다. 힘들다고는 어머니에게 얘기할 수 없고, 어머니를 보자마자 그냥 눈물이 쏟아져 나왔었다. 하지만 어머니에게 힘들다는 말은 하지 않았다. 이런 하루가 나의 수능성적표의 1점을 올려준 것이라고 생각한다.다시 한 번 강조하겠다. 차분하게 침착하게 오늘 하루를 열정적으로 보내보자.---------------------------------------------------------------------------------------------------동생에게 썻던 편지이제는 과목별 내 공부방식과 나의일과표를 써줄건데 필력이 좋지않음 이해해보고 안되면 2번읽어주셈 ㅋ일단 모든 사람은 개개인마다 특성이 다르다. 내가 100%맞다는 보장은 없다. 참고해서 좋은 것은 취하고 아닌 것은 버리되, ‘모든 공부의 기본은 암기다’는 챙기자. 수능장에서는 ‘본능’으로 문제를 푼다. 솔직히 긴장하는데 머리 돌아가는 사람이 신기한거다. 그런 놈은 카이스트나 포항공대로 보내자. 나는 수능장에서 머리 쓸 자신 없다. 그리고 쓴것도 없다. 그래서 모든 것은 10번이상 반복한다는 가정 하에 책을 고르고, 2번이상 듣는다는 생각하에 강의를 선택하자일단 전반적인 공부방식에 대해서 논하겠다.시중에 책 중에 ‘스터디코드’라는 책이있는데 이 책을 많이 참고했다. 내용은 ‘어떻게 공부를 효율적으로 할 것인가?’에 관한 것인데, 도움이 될 듯하다.그 외 나만의 방식이라고 생각하는 것은, 모든 과목당 노트를 한권 씩 만들었었다. 그리고 강의도중 외우고 싶은말, 중요한 개념, 실수했던 문제 등등 다시 복습하고 싶은 것을 모아서 정리했다. 예를 들면, 문제 풀 때 몰라서 틀렸던 것 중 포인트가 ‘모든 항등식은 x대신 다른 수, (x-1)등을 대입해도 성립한다’ 였다면 그것을 적어놓는다. 그리고 새벽쯤 되면 집중력이 떨어질 때 그 공책으로 암기를 시작한다. 새벽이라 집중력이 떨어지니까 그냥 배끼는게 제일 좋은 듯 하다. 그리고 2일에 한번 씩은 꼭 그 노트 전체를 복습하기를 바란다. 무한반복해야 타인의 지식이 내 본능으로 자리 잡을 가능성이 생긴다. 다시 강조한다 가능성이다. 진짜 많이 봐야한다는 소리다.일반적으로 낮 시간대, 즉 집중력이 높은 시기에는 머리쓰는 공부(비문학, 수학30번)를 한다. 밤에는 암기과목(한국사, 생명과학 3단원, 영어어휘)위주로 공부했다.기출문제는 풀 줄 알고 그 문제를 맞추는게 중요한게 아니다. 그 문제를 통해서 다음 문제를 예측하는데에 효용이 있다. 그런데 그 느낌, 예측이라는 것은 한, 두번 문제풀이로 되는 것이 아니다. 적어도 5번이상은 봐야지 다른 방식으로 풀어볼 수 있다거나, ‘이런 식으로 바꿀 수 있지 않을까?‘라고 생각한다. 그리고 어려운 단원, 즉 킬러문항의 출제포인트는 정해져 있다. 이런 것들은 수능 전까지 계속 풀었으면 한다. 예를 들어 기하와백터단원, 생물 가계도 파트 등등은 모르고 알고가 중요한게 아니다. 내가 이 문제가 바꿔서 출제되었을 때, 즉 기출문제 변형 심화형문제가 나왔을 때 대처할 것인가가 주 포인트이다. 기출은 적어도 15번은 봐야한다고 생각한다.(최근5개년 15번 이후 10년은 5번이상)이제 각 과목당 공부방식에 대해 논해보겠다.국어화작문 : 일단 평가원은 화작문에서 1등급을 나누려 하지 않는다. 물론 어려운 문제가 출제될 가능성은 항상 고려해야한다. 하지만 기출을 통해서 자주 나오는 것(말하기방식 묻는 문형, 토의, 토론의 전개방식)등은 수능전날까지 계속해서 반복해서 머리에 상기시킬 필요가 있다고 생각한다. 즉 기출문제를 그냥 매일 풀었으면 한다. 지겨우면 다른 사설 문제집을 풀어도 상관없다만 수능 2주전에는 기출을 꼭 다시 풀기 바란다. 그리고 화작문은 수능의 첫 시작이다. 여기서 말리면 그날 망치는거나 다름없다. 부담은 가지지 말되 신경은 꼭 써야한다. 정말로 나는 여기와 문법에 강점을 두고 싶다. 진짜 중요하다.문법 : 나는 이번에 통합되면서 문법이 어려워 질 것이고 등급을 가르는 문제가 나올 것이라 예상했기에 그냥 맞춤법규정, 특이한 사례들 등등을 모아서 주말 암기시간이나 평일에 어느 정도 시간을 할애해서 암기했다. 물론 사례활용중심으로 공부하는 것이 좋다만, 기출문제가 적어서 사설문제집에 의존해야 한다. 나는‘상상모의고사’가 문법문제중 제일 괜찮았다. 그리고 기출에 나왔던 ‘보기’형 문제있지? 예를들어 ‘ㄴ 첨가’를 설명한 ‘보기‘는 다음에 문법문제를 출게할 때 니가 이전에 기출된 <보기>에 관련해서는 안다고 가정하고 다음에 그냥 설명 안 해주고 문제로 재활용한다. 17수능을 보면 12번이 대표적인 사례이다. <보기>에는 매우 설명이 짧지만, 문제를 보면 결국 된소리되기, 거센소리되기 등등의 조건을 암기해야 편하게 풀 수 있는 문제였다. 기출된 <보기>는 다 외운다고 생각해라. 참고로 이번에 만점과 97점을 나누는 문제는 13번 문법문제는 결국 ’능피주사의 접미사를 통한 어간의 변화‘를 묻는 문제였다. 오답률 80프로 정도 예상하는데 나는 20초만에 풀었다, 정말 모든 체계가 잡혀있어야 100점을 받을 수 있다. 국어에서의 표준점수 2점은 입시에도 상당히 큰 영향을 미치고 이후의 문제풀때의 마음가짐(문법에서 틀렸다는 생각을하면 사기가 떨어질게 당연)이 달라지니까 정말 열심히 암기하고 반복하기를 바란다.비문학 : 3가지 범주로 나눌 수 있다고 생각힌다.첫 번째는 말 그대로 글을 이해하는 능력이다. 이 능력은 선천적으로 타고나는 것이지만 후천적으로 늘리기 위해서는 ‘어휘’력이 정말 중요하다고 생각한다. 2017 6월 음악지문 중 ‘소재’라는 말을 들었을 때 아무 생각없이 지나가는 사람과 ‘어떤 것의 밑바탕이 되는 재료?’ 이를 떠올리는 사람은 그 글의 이해속도, 문제풀이속도에서 1분이상 차이가 난다. 아니 솔직히 말하자면 점수가 5점이상 차이난다. 시중에 기출 어휘집 한권사서 10번정도 암기하는걸 권장한다. 수능 국어에서는 예전에 나왔던 단어는 안다고 가정하고 비문학에서 활용하기 때문에 무조건 도움된다. [예를들면 각주에 달아주었던 어휘는 다음 출제시에는 달지 않는다.] 아니 그냥 이건 해야한다. 이후 10번정도 반복했으면 다른 인강 선생님어휘집 찾아서 봐도 되는데 공부방식은 스펀지라고 생각하면 된다. 무슨 말이냐면, 스펀지에 물을 많이 부으면 대부분은 흘러내려가는데 저장은 조금씩 되잖아? 일단 많이 보는게 중요하다고 생각한다. 인강 선생님 교재로는 대성 마이맥 - 박광일 선생님 어휘집[선생님홈 무료공개], 김상훈 선생님 어휘집두 번째는 지문 전체의 전개 방식과 문장 간 연결논리다. 수능에서는 동일한 전개방식을 사용하여 그 지문의 문장들을 연결하여, 문단과 문단의 연결을 통해서 지문을 구성한다. 그 문장, 문단간의 연결논리, 다시 말해서 접속어의 사용, 담화표지의 이용이 반복 출제된다. 예를들어서 ‘한편‘이라는 말이 나왔다면 ’동일 범주이지만 다른 사례이다. 혹은 화제를 돌리긴 할건데 이 내용이 중요한건 아니야. 근데 선지로 내긴 내야겠어 그러니까 잘봐’가 전제로 포함되어 있다는 뜻이다. 그렇다면 기출분석을 통해서 많이 나왔던 사례들은 다 그 표지를 보자마자 기억하고 있어야 하고 보는 즉시 활용이 가능해야 한다. 수능장에서 머리 못쓴다. 니 몸이 기억해야한다. 그냥 본능이다. 사고력이 발휘될 것이다라는 생각 버려라. 사례를 들자면 문장(A 때문에 B, A이므로 B)이 선지에 활용되는 사례가 있을거다. 그것을 공부하는게 기출문제를 보라는 이유다. 이 부분에 관련해서는 이해가 어려울 수 있으니 질문바람.위 사항들 은 ‘국어의기술, 국어의정석’ 2가지 책에서 많이 배웠고, 박광일 선생님 강의에서도 자주 언급되었다. 참고해서 자세히 알아보기 바란다.세 번째로 기출된 제제의 재활용이다. 이번 수능에서 포퍼와 카인의 대립, 반추위에서의 미생물의대사, 보험지문의 제제를 잘 들여다보면 이전에 기출되었던 개념이 곳곳에 산재해 있다는 사실을 알게될 것이다. 이 부분은 기출을 여러번보면 잘 숙지되기에 크지는 않지만, 기출문제를 1순위로 둬야하는 또 다른 근거가 된다. 94년부터 08년도 정도까지 기출된 비문학은 문제풀이보다는 지문의 이해에 중점을 두고, 08부터 현재까지는 문제풀이+지문에 집중하기를 바람! ‘언어‘시절의 문제와 ’국어‘의 문제는 조금 다른 양상을 가지고 있다. 그래서 ’언어’시절 문제는 왜 틀렸는지만 확인하되 ‘지문‘에 더 초점을 두기 바란다.문학 : 화작문, 문법과 함께 시간을 줄여야하는 부분이다. EBS연계 때문에 비문학과 많이 달라진다. 여기에서는 2가지 범주로 나눌 수 있을 거 같다.처음으로 기출의 공부이다. 기출에서 선택지가 나왔다면 그것의 개념이 있을거다. 예를 들어 ‘대구’법을 사용했다고 했으면 ‘대구’가 무엇인지 정리해서 다시 그 개념어가 나왔을 때 그냥 맞출 수 있게 반복하는게 중요하다. 나는 문학에 그렇게 뛰어나지 못햇다. 하지만 요즘 트렌드는 ‘작품의해석’을 요구하기 보다는 ‘사실관계’에 초점을 둔다. 다시 말해서 ‘A가 B와 &&α에 들어가서 X와 싸웟다..‘ -> 선택지 ’A가 B와 싸웟다.’ -> ‘틀림’ 이런식으로 나온다는 말이지.모든 선택지의 정오 판단의 처음은 사실관계 일치다. 여기에 강점을 두고 공부해라. 그리고 해석을 요구하는 문제는 항상 <보기>를 추가해서 물어본다. 기본교과서 작품에 대해서는 <보기>를 주지않고 물어볼 가능성이 있지만, 그 외 처음보는 작품은 <보기>를 주지 않은 채 해석을 절대 물어보지 않는다. 예를 들자면 2017의 ‘구름의 파수병’이라는 시는 난생 처음보는 학생들이 많았을 것이다. 여기서 해석을 요구하는 문제에는 <보기>가 전부 달려있으니 잘 생각해보도록. 또 작품을 가리지 않고 다 읽기를 바란다. 특히 요즘은 교과서에 나온 작품이 중심이다. 6월에 고전시가 부분 중에‘가시리, 동동’이 출제되는 것을 보고 확신햇다. 그리고 10년전 쯤 기출했던 문학작품을 다시활용하는 추세이다. 6월에 현대시 중 ‘우리가 물이되어 만난다면’은 2004년 출제됬던 문학작품이다.다른 하나는 EBS인데, 6,9모의평가와 교육청모의고사에 출제된(그해수능에 나올 가능성이 낮겠지? 안 나온다고는 말 할 수 없다만 나는 공부 안 했다.)것을 제외한 나머지 문학작품은 선생님들이 주는 정리집 들이 있을거다. 줄거리, 인물의성격, 시의내용, 의미 등등을 무한반복 했으면 한다. 그냥 수능 한달전 정도에는 5번 보고 들어간다고 생각해라.(내가 말한 5번은 암기로의 5번이다. 중요작품은 선별적으로 집중해서 그 이상 하는게 좋다.) 올해 수능 문제 중 고전시가 부분의 ‘연행가‘를 보면서 참 많은 걸 느꼇다. 내가 생각하기에 문학성이 없다고 판단했던 작품인데 그 작품이 출제된 것을 보면, 평가원이 정말 기본에 충실하다는 생각과 앞날은 아무도 모르는 것이라는 생각을 했다. EBS, 즉 그냥 문학은 다 외운다고 생각해라. 왜냐하면 문학 한지문은 못 풀 가능성이 농후하기 때문이다. 시험장에서는 시간이 모자랄 가능성이 정말로 진짜로 높다. 긴장해서 평소만큼 안 읽히니까. 특히 고전시가, 현대시는 혹시나 수능시험장에서 보지 않고 내용일치문제를 풀 수 있을 정도로 여러 번 반복해서, 암기한다는 것을 목표로 하길 권장한다. 책 중에는 ‘김상훈 선생님 EBS’ 책제목이 기억이 잘 안나지만, 그 책 내용이 엄선된, 즉 논문으로써 논쟁의 여지가 없는 것들만 참고자료로 실어놓았기 때문에 시중 쓸데없는 EBS분석집 보다 낫다고 생각한다. 사중 출판사는 5등급 학생을 대상으로 출판한다.정리하면 문학은 공부의 양으로 승부하는게 좋다. 다시말해서 많이 알고있는게 무조건 유리하다는 거다. 사설 모의고사 중 ‘상상모의고사 N제’는 꼭 풀고 그 안에 작품은 한번 씩 정리해놓는게 좋다고 생각한다. 아마 3년치? 자기들이 출제했던 문제들 모은건데 대한민국 문학작품 중 문학성이있는 문학작품은 거의 다 다루지 않았나 생각한다.수학수학은 크게 2가지로 분류할 수 있다. 1~28번//29번,30번현 수능특성상 1~28번을 쉽게 낸다. 나는 이 상황이 매우 짜증나고 이해안되지만 우리는 묵묵히 공부할 수 밖에 없다. 이 부분은 문제를 많이 안 푼다면 감이 떨어지고 실수 할 수 있다. 새벽시간대, 즉 잠이오는 시간대에 예제를 풀어라. 손이 기억하도록 공부하길 권장한다. 다시 말하지만 본능적으로 풀어야한다.29번, 30번 이건진짜 답이 없다. 나도 솔직히 수학 매우 잘하는 편은 아니다. 전국 1% 정답률 이런 문제 못풀어. 그냥 강의 졸라듣고 문제를 가리지 않고 다 풀어라. 절대 문제를 가리면 안 된다.‘이건 계산이 더러워’ -> 이번 2017 6월 30번 풀어봐라.‘이건 너무 난해한 개념활용이야’ -> 이번 2017 수능 30번 봐라.무조건 가리지 말고 그냥 다 풀어야 한다. 상한선을 1시간정도 잡고 그날 한 문제를 풀던 2문제를 풀던 꼭 풀리기 전까지는 넘어가지 마라. 이때 개념서는 활용해도좋다.수학강의는 ‘신승범 전 강좌 2번수강’, ‘한석원 알텍, 크포 2번수강’ ‘현우진 강의 드릴 1번’ 그 외 선생님 모의고사풀이강의 1번씩 수강했다. 첫 번 째 개념강의 들을때는 100프로 이해할 때 까지 시간정하지 않고 듣는 것을 추천한다. 다시 말해서 이해될때까지 돌려서 보라는거다. 강의에 나온말은 선생님 농담까지도 외워야한다. 2번째 부터는 배속을 높이는걸 권장한다. 대신 집중해서 내가 몰랏던 부분이나, 이건 활용할 수 있겠다 하는 부분, 잠시 잊고 지나갔다는 부분은 적어서 암기하길 권장한다. 그리고 강의 100프로 이해안되면 그날 잠안자더라도 무조건 이해될까지 넘어가지마라. 다 이해해야 100점 받을 ‘가능성‘이 있다. 분명히 말하지만 ‘가능성‘이다. 니가 아무리 열심히해도 수학 100점은 정말 힘들다. 진짜 열심히 한다는 개념상식을 넘어서 죨라게 해야한다. 의과대학들 대부분 수학30프로로 알고잇다. 니가 국어 6점틀리는거랑 수학 4점틀리는 거랑 비등하거나 수학이 더 크게 타격 줄 수있다. 반대로 말하면 수학 잘하는게 이과에서는 정말 유리하다는 거다.영어영어는 3가지로 나눌 수 있을 듯 하다.처음은 지문 해석능력이다. 일단 주어진 지문에 100프로 해석된다면 그 수능영어지문 내용은 솔직히 중학교 수준 아니가? 답도 그냥 생각할 필요도 없이 ‘이게답임’이러고 넘어가면 되잖아. 그렇다면 기본적으로 해석능력이 뛰어나야 한다. 여기에서 문법이 진짜 중요하다. 누구는 문법을 자세히 몰라도 된다고 하는데 문법을 몰라도 된다는 말은 ‘나는 그냥 90점만 받아‘와 동치인 명제라고 생각한다. 문장구조, 활용하나 차이로 문장전체의 뜻이 달라지고 이해도가 달라진다. 문법은 그냥 강의하나 끊고 그냥 다 외울 때 까지, 진짜 그냥 내가 설명할 수 있을 때 까지 반복하길 권장한다. 나는 이때도 공책을 활용해서 하루 10분정도는 문법에 투자햇다. 물론 정리용으로 강의는 한번 수강했다.구문은 문법의 활용이라고 생각한다. 구문은 매일 안보면 해석력의 정교함이 떨어지기 시작한다. 일정시간이상 매일 반복하길 추천한다. 나는 참고로 4수 시작부터 끝까지 모의고사 치는 날 제외하고 ‘천일문완성’을 매일 1강? 40문장정도를 해석했다. 일정수준 이상 되면 다 기억나서 짜증나는데, 그때는 다른 걸로 해도 된다. 나는 이때 ‘이명학 - 강대고급영어’를 활용했다. 조금 어렵긴 하지만 머리도 써본 놈이 쓰지 안 쓰면 해석능력 늘지도 않는다.그리고 기출지문이나 EBS지문을 2개정도 하루에 배정하여 ‘완벽해석‘한다. 완벽해석이란 해설지를 보지않고 내가 한글로 하나의 지문을 100%해석하고 해설지와 비교대조하였을 때, 조사하나까지도 차이나지않는 그러한 해석을 말한다. 거기에 주제문과 뒷받침문장 등등 문장간 연결논리도 따져보는게 좋다. 처음에는 2개해도 40분넘게 걸릴테지만 익숙해지면 15분 정도로 들어온다. 쓰는게 시간이 좀 소비되기는 하지만 완벽해석이 안되면 수능장에서 당황할 가능성이 높다. 올해 제목, 요지, 빈칸에서 매우 정교한 해석능력을 요구했다.두 번째는 문제 풀이력이다. 이것은 누가 만들어주지 않는다. 주제문을 찾는 능력, 모든 것을 해석하지 않아도 답을 찾는 능력, 선택지의 정오를 판별하는 능력 등등은 기출문제의분석과 분석강의가 중요하다. 또한 요즘의 트렌드를 읽을 필요가 있다. 요즘 트렌드를 말하자면 빈칸에서 EBS지문을 쓸 수밖에없다. 근데 EBS지문은 건드리지 못한다. 간접출제가 아닌이상 그대로 낸다. 그러면 EBS를 외워서 맞추는게 제일 좋긴하다만, 그건 하늘이 도움을 줘야 예측이 가능하다. 그러니까 선택지로 장난많이 친다. 단어하나만 바꿔서 오답유도, 빈칸문장에 부정어 넣어서 반대개념 찾게하기, 지문에 나온단어 활용해서 오답유도하기 등등이 요즘 트렌드다. 추가적으로 문장삽입, 문장순서 맞추기 인데 이것은 접속어가 있는문장, 일반 문장으로 풀이가 나뉜다. 접속어가 있는 문제는 정말 정교한 해석능력을 요구하는 경우가 많았고(귀납적 결론이다), 접속어가 없는 경우에는 지시사를 통한 명시적인 힌트가 주어진 문장이 아닌 지문 내에 존재하는 경우가 많았다. 또 자신이 풀면서 이러한 방식을 이해하고 찾아내서 몸이 기억하게 헤야한다. 다만 영어는 지문내용이 크게 어렵지 않기에 한,두번 보면 다 기억이 나서 기출의 반복이 좀 지겹다. 5번보는걸 추천하긴하는데, 그 이후라면 사설모의고사로 해도 큰 무리는 없을 듯 하다. 강의는 ‘김기훈선생님 전강좌 1회, 리딩스킬스, 어휘끝 2회’였다.세 번째는 어휘이다.진짜 지문이 구문적으로 이해안되더라도 단어를 알면 문제는 끼워맞추기라도 할 수 있다. 또한 구문, 문법이 되더라도 단어가 안 되면 답이 없다 그냥 그 문제는 틀려야 한다. 나는 ‘어휘끝’강좌 수강 후 이 책을 30번정도 반복한거 같다. 또 ‘대성학원영어장?(이름까먹), 수고들 단어장(EBS어휘)’등등은 5번이상 반복한 것 같다. 그날 컨디션 따라서 집중되는 날이면 예시문까지 읽고, 집중안되는 날은 배끼면서 외웠다. 밥먹는 시간과 점심, 저녁식사 쉬는시간을 주로 이용했고 다의어는 활용중심으로 외웠다. 다의어가 정말 중요하다. 예를들어 tip이란 단어에 ‘웨이터에게 주는 사례금’정도로만 알고있다면 이번 수능에서 80점 맞겟다는 의지이다. 전복시키다, 뒤집어 엎다, 끝에 위치시키다, 모든 것을 쏟아내다. 등등 여러 뜻을 아는 게 중요하고, 또한 평가원은 평소와는 다른 의미로 출제하는 것을 매우 좋아한다. 물론 그 문장은 다른 문장과의 관계를 통해서 해석가능 할 것이다. 하지만 그건 추측에 불과한 해석이라 그 문장에 대한 확신이 어렵고, 이미 그 단어를 알고있다면 다른 수험생에 비해서 시간단축의 효과를 노릴 수 있다. 시험장에서의 1분은 인생이 걸린 1분이라 1초도 허투로 쓸 수 없고, 문제풀이 시간을 줄일 수 있는 것은 모든 수를 동원해서 줄일 수 있도록 노력해야 한다. 참고로 나는 이번 국어 5분 남겼고, 영어 15분 남겼다. 시간이 안남으면 불안해서 집중할 수가없다. 물론 침착해야 하지만 그냥 실력을 올려놓으면 긴장할 필요도 없다. 200점 맞을 각오로 공부에 임하길 바람!탐구 :어떤 과목을 선택할는 잘 모르겠지만, 화1생1지1이 적당하다. 2를 하는 것은 서울대를 준비하는 것인데, 2과목은 인원수가 적고 그것을 선택한 사람들은 다 의대, 서울대를 준비한다고 봐도 무방하다. 과탐은 백분위를 활용하기에 사람이 많은 위에 언급한 3가지 과목이 제일 유리한게 자명하다.나는 화학 생물을 선택했었고 이 부분에 대해서만 잘 알기에 여기에 맞추어 설명하겠다. 일단 탐구도 2가지로 나눌 수 있을거 같다. 암기부분이랑 킬러문제가 출제되는 파트로 밀이지.암기부분이 나는 제일 중요하다고 생각한다. 여기에서 문제 풀이에 15분이상 소요한다면 너는 킬러문제를 그냥 건드리다가 그냥 틀려서 1등급언저리만 쳐다봐야 한다. 하지만 이것도 요즘 어려운 것이 수능을 잘 살펴보면 예전에 나오지 않았던 선택지가 나오는 것 때문이다. 이번 2017수능 생명과학에서 이당류, 단당류를 구분해서 암기했어야 하는 선택지가 나왓다. 시험장에서는 적잖케 당황했다. 대한민국 어느 누구도 이런 선택지가 나올 것이라는 것은 예측하지 못했을 거다. 작년 수능에서 ‘근육 원섬유는 세포이다’도 사례로 들 수있고, 정말 수많은 사례가 화학, 생물 문제에 존재한다. 이것을 대비하기 위해서는 수험생의 교과서인 수능특강 개념부분을 10번이상 반복해야 한다. 물론 개념강의를 2번이상 수강하고나서 수능특강 암기를 시작하는 것을 추천한다. 수능특강 교과서는 기간을 정해서 꾸준하게 일정분량씩 복습할 필요성이 있다고 생각한다. 아니 그냥 해야한다. 이걸 하지 않으면 47점을 받겠다는 의지다. 추가적으로 기출에 나왔던 선택지는 모조리 다 분석해서 외워야 한다. 평가원은 한번 기출했던 선택지를 심화 혹은 변경하는 것을 좋아한다. 좋아하는 정도가 아니라 변태적으로 사랑한다. 예를들어 ‘방추사는 S기에 형성된다’가 나온적이 있는데 3년간 연속해서 계속해서 출제했다. (물론 앞의 말은 틀린말이다. 방추사 형성은 M기에서만 관찰된다, 방추사 형성에 관여하는 단백질이 G2기에 형성된다. 많이들 오개념 가지고 있더라) 해결책으로는 기출 분석강의를 선생님 2분이상 수강하는 것을 권장한다. 몰라서 듣는 게 아니다. 다음에 또 심화되어서 나왔을 때 대비이다. 모든 기출문제는 당연히 풀 줄 알아야하고 미래에 어떤 문제가 나올 것인지를 예측하는 것에 효용이 있는 것이다 정말 강조하고 싶다 진짜로. 탐구가 요즘 정말 어려운 시대라서 시간 투자를 많이할 수 밖에 없다. 문제도 꾸준히 풀어야 한다.. 요약하자면 ‘개념의 복습암기’, ‘기출 선택지의 분석 및 재활용 대처’, ‘지엽적인 내용의 새로운 선택지대비 문제풀이(양치기)’이다.킬러 파트로 넘어가 보자. 나는 현재 화학, 생물의 킬러파트가 과학교육의 본질을 많이 벗어났다고 생각한다. 형은 솔직히 대학교 시절 화학관련 대학원 진학을 생각했엇고, 3학년 전공화학공부까지 한 사람이다. 진짜 대학가서 아무 쓸모도 없다. 보고서 쓸 때 조차 지금 킬러파트는 쓸모없다. 하지만 우리가 보는 시험은 우리의 등수를 매겨서 대학교를 차등적으로 보내기 위한 것이지, 우리의 과학능력 향상과는 관련없고 진정한 과학의 탐구는 대학교 가서 하면 된다. 고로 우리는 ‘출제 트렌드’를 잘 읽어내야 한다. 말이 고난도 신유형이지 기출문제의 심화가 압도적으로 많고, 6,9월모의평가 문제의 심화형이 수능에서의 신유형이라 칭하는 것의 80프로 이상이다. 이런거 신유형이라고 하는 선생강의는 듣지마라. 신유형이 아니라 모의 평가에서 예고했는데 대비못한 수험생이나, 그걸 신유형이라고 나불거리는 선생이나 다 45점이나 받으라는 소리나 똑같다. 그냥 재탕인 문제인데 그것이 충분히 대비하지 않은 채 시험장에 들어가서 그냥 ‘어 이거 봣던건데?’ 이런 느낌 만 받을거면 이건 대비가 된게, 공부가 된게 아니다. 나는 그런 문제를 풀기위한 첫 번째 단계로써 기출문제를 매일 반복했다. 솔직히 양적반응, 유전문제는 문제가 적다 그래서 총 합해봐야 100문제 내외일 것인데 하루에 10문제씩만 대충 풀어도 (처음엔 시간이 걸리지만 3회이상넘어가면 5분안에도 끝나) 문제풀이의 감을 살리는 것이나 기출을 다른식으로 사용할 방안이 눈에 조금씩 보이기 시작할 거다. 그리고 전국의 모든 문제집을 다 푸는걸 권장한다. 이때 1번은 안된다. 3분이상 걸렸던 문제는 모두 체크하고 3분내외로 들어오도록 만들어야 한다. 물론 생물 가계도 분석같은 것은 처음에 오래걸릴 수 있다. 여기에서 주 포인트는 기계적으로 (말하자면 본능적으로) 반복되는 부분에 대해서는 시간을 압축시켜야 한다는 것이다. 예를들어 유전병의 상/반성유전, 우열판단 과정과 가계도에 유전자형 표시하기 이런 것 말이지... 솔직히 나는 이번 수능 가계도 3분내외로 풀었고, 시간 남겼다. 가계도가 어려운 것은 맞지만 똑같은 유형(유전병의 상/반성제시방법, 우열의 제시방법은 다르다. 하지만 이후 파악한 후에 풀이과정은 변하지 않을 것이다)이기 때문에 시간 단축이 가능하다. 지금은 생물만 이야기 했지만 화학에서 양적반응은 또 다르다. 양적반응은 반응 중간식, 설명하자면 반응 전, 중, 후 중 중간을 제시하는 방식이 다르다. 그 외에 계산은 항상 똑같다. 항상 똑같은거는 기계적으로 해야한다. 그리고 빨라야한다. 그래야 30분안에 푼다.요약하자면 ‘고난도 기출문제 매일 일정량 풀기‘, ’신유형대비 준비‘, ’고난도문제 양치기 밎 시간줄이기 노력‘이다.지금부터는 내 생활패턴에 대해 말하겠다. 밑에서 다시 언급하겠지만 너와 나는 생활습관, 방식, 집중력 등이 다를 거다. 그러니까 참고해서 너에게 맞는 습관을 찾기를 바란다.일단 나는 재수 독학학원에 다녔다. 혼자서 다니는 독서실은 자기관리가 너무 안 될 것 같아, 즉 하루 중 자투리 시간이라고 흔히 부르는 아까운 시간을 낭비하지 않기 위해서다. 현재 아래의 표는 월~토 일정표와 제가 했던 공부사항들과 전반적인 게획들이다.7시10분~8시아침체조(스트레칭 꼭 하세요), 아침식사, 등교8시~8시 20분국어 노트, 국어 어휘집 공부8시 20분~10시 10분국어공부인강, 기출문제풀이, 사설모의고사10시 20분~12시 10분인강수강1시간 + 1시간은 쌩 문제풀이(문제수 고려하지 않고 진짜 깊게 고민하여 해결, 개념서참고하기)인강, 사설모의12시 10분~12시 30분영어 암기사항 전반적인 것 공부암기노트, 문법, 구문, 어휘12 시 30분~12시 50분식사하면서 영어단어이후 담배피고 양치1시~1시 30분어휘 및 구문공부천일문, EBS고난도 문장, 인강선생님 제시문 등등1시 30분~3시 20분영어공부강의위주(문제풀이강의는 강의 켜놓구 선생님이 풀이보여주기 직전에 풀고 다시 선생님 풀이 보는 것을 추천)3시 40분~6시 10분탐구 (화학 생물 한시간씩)물론 하루에 한과목만 2시간 하는 경우도 존재, 9월부터는 2가지 모두 하려고 노력했다.6시 10분~6시 30분영단어 + EBS영어지문 복습EBS영어 무시하지마라. 형 영어 하나 틀렷는데 그지문 안나온다고 인강선생이 논외로 하던 것이였다. 그냥 처음에는 다 보고 막판가서는 선별적으로 보는 것을 추천한다.6시 30분~6시 50분밥먹으며 영단어 암기 및 담배타임7시~8시 30분국어공부인강, 기출문제8시 40분~10시 10분수학공부인강, 심화문제풀이(오전만큼 집중력 안나오니 조금 편한 문제위주로 편성했다)10시 20분~10시 35분국어 어휘 암기, 문법 개념암기 및 문제풀이10시 35분~10시 50분전과목 암기노트 한번 씩 복습.처음에는 양이 적어서 전과목이 가능하지만 이후에 양이 늘어나면 하루에 2개 정도씩 복습햇습니다.10시 50분~11시 20분귀가, 간식, 양치, 담배타임11시 20분~잠와서 침대에 뻗을때까지부족했던 인강(피곤해서 집중안되니까 일어서서 듣는거 추천)수학 기본문제 풀이, 그날 못햇던거.이후 더 집중이 안되면 암기노트, 시계는 안보는 걸 추천 괜히 몇시에 잣네 마네하면 더 피곤함. 피곤한 날은 11시에 자는날도 있엇고 집중잘되는 날은 3시까지도 달린 적 있음 욕심부리지 말고 융통성 잇게 조절해야함난 솔직히 영어에 자신있어서 하루에 3시간 정도만 공부했다.사람마다 개개인의 성취정도는 다르다. 정말 참고만해서 너만의 시간표를 작성하길 바란다. 영어 절대평가로 바뀌는 걸로 알고있는데, 절대 평가라도 상대평가와 똑같이 그냥 등급컷이 90점인 시험을 내면 현재와 난이도 차이 없이 얘들 변별해 낼 수 있다. 지금 예측하는 절대평가 난이도로 내면 공부부담 줄여준다는거, 그거 5등급 받는 얘들한테 적용되는 말이다. 1%들 싸움에서는 그런거 다 개소리다. 평가원 난이도 발표하는거 다 쌩까고 존나 어려웟던 수능 난이도로 나올거라고 생각해라예를 들면 11년도수능, 14년수능영어B형 등등을 참고해라. 참고하면 교훈을 얻는게 있는데 저 시험 불수능이라고 통칭하는거 평가원에서는 그해 뉴스에서 평이하게 냈다고 했다. 점마들 그해 문제가 쉬운지 어려운지 모른다. 나는 절대평가에서는 40문제는 진짜 초등학생영어수준으로 낼거라고 생각한다. 나머지 5문제는 지옥일거라 생각한다. 쉽게나오면 쉽게나오는대로 다 맞으면 그만이고, 어려우면 1등급만 맞으면 된다. 그냥 만점받을 실력으로 공부해라. 그리고 국어 수학 탐구 진짜 지옥으로 변할거다. 내 생각엔 예전 08수능 11수능 정도 난이도로 올라갈거라고 생각한다. 그때는 전국에 수학만점자가 3명 이랫다. 11년도는 전 영역 만점자는 없었다.주말 일요일에는 이것과 다르게 생활했다.오전에는 시간을 정하지 않고 깰 때까지 잤다. 물론 12시를 넘기지는 않았다. 점심을 먹고싶은거 아무거나 먹고 학원에 등교하여 하고 싶은 공부를 했다. 말 그대로 진짜 그냥 하고싶은 공부를 말하는거다. 그 주에 목표량을 다 채우지 못한 공부는 해야하는데, 대부분 하고싶은 공부를 했다. 예를 들어 수학 사설모의고사 5회분 다 풀기, 국어 인강 5개듣기 등등... 좀 끌리는 대로 햇다. 수학을 제일 많이 한거 같긴 하다.이후 9시에 하교하여 10Km정도 뛰고(빨리걷는 속도로 숨이 차지않고 땀이 쫙 빠질정도, 참고로 나는 지방에 큰 병원 하나가 내가 조깅하는 코스에 있었다. 그 병원보면서 매주 월요일을 열심히 살아가고자 다짐했다.), 운동하고는 씻고, 부족했던 인강, 암기노트을 공부하고 12시쯤 다시 잠들었다.공부외에 쉬는 것은 운동이나 잠뿐이다. 다른 것은 할 생각도 하지마라. 사람은 잠들기전에 본 내용을 제일 빨리 두뇌에 저장하고 기억에 제일 오래 남는다고 하더라. 너의 하루의 마지막이 웹툰이라면 웹툰이 제일 머리에 잘 남을거다. 한 두개씩 챙겨 보는 거 스트레스 해소용으로 나쁘지 않다고 생각한다. 근데 휴식은 무조건 잠이다. 다른거 스트레스 해소한다고 영화보러 돌아다니고 술처먹는거는 ‘나는 남들과 똑같은 99%의 학생이 될거야’라는 생각으로 보인다.나는 좀 공부 스타일이 한번 집중하면 30시간 정도는 그 일에 집중하는 스타일이다. 그래서 아침에 빨리깨고 규칙적인 생활, 이런 규칙적인 생활이 잘 맞지 않다. 그래서 위의 일과 중 한달에 한번정도 주중에 일요일처럼 생활한 적도 있다. 그러니 위의 표는 나의 라이프스타일에 맞는 공부방식 스케쥴 이므로 참고만해라. 그리고 공부하는 중간에 너무 지겨우면 나가서 담배폈다. 물론 담배피라고 권장하는건 아니다만, 그 과목을 그 시간에 공부해야할 것을 알기에 잠시 기분전환까지만 자신에게 허락하라는 거다. 정해진 시간에는 그 공부를 무조건 끝내야 한다. 아니면 그 공부가 미뤄지고 자신한테 실망해서 자존감이 떨어질거다. 오늘 할 일은 무조건 오늘 해야한다.솔직히 올1등급이나 그 근처에 있는 학생들 얼마나 차이가 날까? 실력은 다 비슷하다고 생각한다. 하지만 수능은 본능으로 문제를 해결해야 하기에 얼마나 반복했느냐가 수능에서 성적의 차이를 만들어 낸다고 생각한다. 남들 놀 때 한자라도 더 보는 학생이 이기는건 자명한 사실이다. 힘들면 바람쐬는 것 까지는 인정한다. 그 외에 다른 것을 한다면 죄책감과 허탈감 때문에 더 힘드니까 그냥 담배하나빨고 죶같네하고 다시 공부 시작해야한다.-----------------------------------------------------------많이온 질문들 답변답변하기는 하는데 정답은 없음; 그냥 제 생각일뿐 참고만 부탁 ㅠㅠ.Q : 수학 개념공부와 고난도 기출문제 풀때 괴리감이 너무 느껴집니다. 못풀엇을때 답지를 봐야하는 시간은?A : 고난도 기출문제는 쉬운4점들이 3개정도 복합되어 이루어진다고 생각합니다. 이는 앞의 세가지 중 한가지라도 부족하다면 못 푸는 현상이 발생하지요. 이는 개념서를 여러번 반복하여 유기적으로 전체적인 개념이 연결되면서, 또한 정확하게 개념을 알아야 풀 수 있다는 뜻입니다. 해결책은 여러 번 복습하는 것 외에는 안보입니다. 그리고 상한선은 40분정도로 두시고 개념서를 참고하여 최대한 문제를 고민하여 풀어보세요. 이후에도 안된다면 답지를 보시고 &&'왜 틀렸는가, 왜 못 풀었는가&&'에 대해서 고민하시고 이후 &&'어떻게 대처할 것인지&&'에 관하여 생각해보세여.Q : 재종반 vs 독재A : 4등급이하는 재종반이 좋아요. 공부하는 방식이나 개념에 대해서 아직 부족하다고 생각합니다. 3등급부터는 이제 어느정도 알기는 하는거니까, 독재를 추천합니다. 하지만 독서실, 도서관에 대해서는 경계하시길 바랍니다. 인간은 의지가 진짜 3개월만 지나면 없어집니다. 강제에 의해서 공부하는게 오히려 편합니다. &&'빠따때려주는 선생님 있는 독재학원&&'을 추천합니다.Q : 인생역사는?A : 19살-인생처음으로공부해봄 결과는 463 2320살- 재종기숙 222 11 인설공대21 22 대학원진학준비23 24 백두산부대25 16수능 재종반 321 1126 17수능 독재반 111 211년만에된게 아님 , 고등학교한번더다님Q : A가좋아요 B가 좋아요?A : 내가 결정해서 님인생 조지면 어쩔거임? 본인이 결정하셈.Q : 수능시험을위한 생체 리듬 조절은 어떻게 하셨나요?A : 제 모든 2년간의 스케줄은 수능 단 하루만을 위한 것이였습니다. 차분히 풀어서 말하자면, 위의 일과표와 같이 8:20~10:00 에는 100분정도 풀로 집중하고자 했습니다. 수,영,탐도 똑같구요. 영어 듣기시간에는 영어단어를 들으면서 외운적도 많습니다. 시험장에서는 80분, 100분 등등 긴 시간의 집중력을 유지해야 합니다. 평소에 훈련되지 않으면 불가능합니다. 또한 수능장에서는 긴장감이 더해지기에 더더욱 집중을 오래 유지 할 수 있도록 평소에 훈련해야 합니다. 또 모의고사날은 시험장에서 어떻게 행동할지 시뮬레이션을 돌렸습니다. 커피를 마시면 카페인성분때문인지 집중력이 올라가더라구요. 그래서 이번년도 3월사설모의고사 시간에 각 과목시작전에 1캔씩 마셔봤습니다. 결과는 화장실이 급해졌습니다. 카페인의 이뇨작용때문에요. 그래서 그 이후 모의고사에는 반캔으로 줄이고 초콜렛을 먹어봤습니다. 그리고 마시는 물의양도 조절해 봤습니다. 어느정도 마셔야 어느시점에 화장실에 가고 싶은지 체크해서 적당량을 조절 했습니다.또한 수학시간전에 계산문제를 한 번 풀어서 머리를 돌릴것인가, 공식들을 리마인드 하면서 준비할 것인가 등등 저한테 맞는 각 시험전 뇌활성화방안을 찾으려 수능 전까지 노력했습니다. 최종적으로 실험한게 11월사설모의고사였고, 수능장에서 생길 수 있는 변수에대해 모든 것을 준비해서 들어갔습니다. 평소에 책장이 낮으면 허리가 아파 집중력이 떨어지는 현상이 있었고, 그에 대해서는 수능시험장에 30분일찍도착해 교무실까지 찾아가서 저한테 맞는 책상, 의자를 가져왔네요. 이후 시험장에서 쉬는시간에 답맞춰보는 고3귀요미들한테 일부러 분위기 잡으려고 욕도좀하고 분위기좀 살벌하게 잡았습니다. 시끄러우면 집중이 잘 안되는 성격이였거든요.이외에도 많은 것이 존재할 것입니다. 침착하고 차분하게 대응해서 하나하나 해결해 보세요.yuyuu님 댓글글 내용이 전반적으로 많은 수험생들에게 큰 도움이 되겠지만 이것만은 따라하지 않았으면 해서 오랜만에 댓글을 남깁니다. 시험장에서 예민하게 구는것보다는 처음부터 그에대한 연습을 해두는게 좋다고 생각합니다. 시험장에서 내 뒷사람이 너무 긴장해서 갑자기 내 등에 토를 할 수도 있는데 그때에도 당황하지 않고 차분히 실력을 낼 수 있는 그런 마인드말이죠..-> 시험장에서 자신에게 맞는 환경을 만드는 것도 좋지만, 아예 당황하지 않는 굳건한 마인드를 가지자 "," 고생하셨심다 행님  ㅊㅋ  회원에 의해 삭제된 글입니다.  지우지마세여 제발  진짜 멋있으신 듯  스크랩해두고 읽고 싶습니다ㅠㅠㅠ좋은 글 감사해여♡  지우지마요제에발!!!  읽으면서 제 재수생활을 반성했습니다 존경합니다  회원에 의해 삭제된 글입니다.  성적 변화좀 알수닛을까오  10수능 463 23 11수능 222 11 16수능 321 11 17수능은 생략  17때 각성하셧네요  걸어다니는 자이스토리...  ㅋㅋㅋㅋㅋ☺ㅋㅋㅋㄹㅇ  이건 정말 수험생들에게 도움이 될 만한 글이네요. 공감가는 부분도 많았고요. 작성하느라 수고하셨어요ㅎㅎ  감사합니다. 반성하겠습니다.  정말 대단하십니다~끈기와집념으로 무슨일이던 성공하실겁니다~  청춘을 수능에다 바친 건가……. 대단하긴 하지만 좀…….  원래 카이스트 대학원 준비하고있다가 뒤늦게 의대 준비했습니다. 데헷...  아 그렇구나. 죄송합니다.  회원에 의해 삭제된 글입니다.  서울권 공대에서 대학원진학을 카이스트로 하려고 목표로 하다가, 2학년까지 끝내고 군대다녀와서 2번이여. 많이한건 사실...ㅎㅎ; 저처럼 안했음 하는 바람에 글써본겁니다 ㅠㅠ  회원에 의해 삭제된 글입니다.  본문안읽으신듯  진짜좋은글 닥추  좋은 의사 되시길 바랍니다. 수고하셨어요  리스크가 매우 큰데도 다시 수능 준비하신 동기좀알수있을까요 ㅜ?  ㅋㅋㅋㅋ 심오해여 저는 인간이 왜 불합리한 폭식,폭음 등등을하는지 답을알고싶었어요 유전적으로 불리한형질인데 인류역사상계속존재했잖아요 그래서 이쪽으로가려니 집안사정상 공대보다는 의대로 가게됬네요  Respect...  와...존경합니다  구절구절 옳으신 말씀이긴 하지만..  일단 오래 공부하셨다는 사실을 확실히 언급하시는게 좋을것 같아요 ㅋㅋ  이 글 보고 막연히 1년만에 됐다고 오해하시는 분들이 계실지도..  아ㅇㅋㅇㅋ 지금잘거구낼컴켜면수정할게요  제대하고나서 보는 2번째 수능은 언제 보셨나요 그리고 한달 총 드는 비용은 얼마셨는지 알 수 있을까요   1. 2017수능 작년임 2. 인강프패, 교재제외 학원비40 밥23 평균내면 월 70정도, 용돈 20쯤?  아 그러면 2017수능 언제부터 준비시작 하셨는지 알수있을까요?  음 1월에 쌤들오티듣고 공부법 고민하고 몸풀기좀하면서 7시간정도만하고 논거같구 2월부터는 학원에들어갔어요  아 고맙습니다ㅋㅋ 저도 군대 제대하고 수능봤는데 실패해서 다시 보려고 하는데 도움 많이 됬습니다.  제 공부태도를 반성하게되네요.. 진짜 정성글! 스크랩할게요~~ 풀어질때봐야지  와...수고하셧어요ㅠㅠ! 질문하나만하자면,ㄴ.. 제가 예비고3인데요 11월에 수학을 84점받앗어요.. 좀쉽다는추세시험이엿는데.. 이정도사람이 계속 수학 고민하고 고민하면 진짜오르긴오르나요??..지금도 계속고민하는데 이게 되나 막막하기도하고..  음 제가맨앞에쓴글 다시한번읽어보세요 될까? 안될까?는 불안감과 연결되는듯 합니다 또한 저도 6 →2는 해봤습니다 진짜노력한다면 가능합니당  국어영어는몰라도 요즘 수학은 열심히하면 오름 ㅇㄱㄹㅇ ㅂㅂㅂㄱ 3월에 4등급맞던친구가 수능때 29 30 못풀고 92점 받고, 저는 만날 1등급이엇는데 수능때 27 30틀려서 결국 동점 ^^  화학1은 65점 그대로.....는 웃자고 해 본 말이고 고생하셨고, 원하는 곳에서 행복한 생활하시길 바라요~!  화학....진짜열심히했는데.... 이번 6평 그어렵단거 풀어서 50이였는데ㅂㄷㅂㄷ  저도 올해 26살로 마지막으로 의대 도전하려고합니다 많은 용기 얻고 갑니다 혹시 공부하다 궁금한부분 쪽지 보내도 될까요??  ㅇㅇ 용기를 드리도록하지요ㅎㅎ  궁금해서 그런데..혹시 원서는 어디쓰셨나요? 성 울 중 하나일 것 같은데.. 화1 아쉽네요 ㅠㅠ  화학 진짜ㅋㅋ 울산썼습니다.하늘을 믿고 기다립니다...  건승할거에요~~  리스펙  인턴레지어케하실생각이세용??  해야죵 물론 나이때문에 힘들겠지만 제가 선택한거니까 감내할겁니당  화지였는데요 ㅠㅠ 지학은끼고 화생중 뭐가낫나요? 이번수능은 39점입니다 화학.. 킬러 생긴거보고 시간 13분정도 남았는데도 손도못대고 딴거 완벽히 검토만하자하고 끝났습니다..   둘다장단점이있습니다 제가결정해서 인생조질수도있습니다 좋아하는걸로하세여  속 깊은 이야기를 들은 것 같네요. 진짜 많은 학생들에게 의지를 새롭게 하고 용기를 주는 글이네요. 철없는 제 아들에게 좋은 멘토가 되어 주식길 바랍니다~  고생하셨습니다 ㅎㅎ  궁금한게 늦은나이에 수능을 보는거에 대해서 부모님이 어떻게 대해주셨는지 밀어주셨는지.. 아니면 직접 버신돈으로 하신건지 궁금합니다 전 올해 26살인데 저도 의대목표로 공부했으나 잘 안되서 한번 더 도전할까 생각중이거든요  부모님이 지원해주셨어여 지난해에 열심히했고 성적안나와서 복학준비한다고말씀드렸을때 열심히했는데 미끄러진거다 한번만더하라고하시고 뒤에서 후원만하셨어요  904호 계셨던 분 맞죠? 공부 되게 열심히 하시던데 울산 수석까지 하셨네요. 고생하셨어요  긁적긁적....  국어 공부법 와닿고 좋아요 근데 국수탐 헬게이트 예상하신다니 ㄷㄷ  헬게이트라도 누군가는 서울대의대를 정시로 갑니당  회원에 의해 삭제된 글입니다.  와 ㅋㅋ 대단하시네요. 학원관련되서 물어볼거잇는데, 그럼 울산대성 독재반 다니신건가요?? 저 이번년도 독재다녓는데 현역보다 못봐서... 학원다니려해서요.. 31322 이정도성적인데 재종갈려하는데 재종가도 올1 (목표는 국수탐탐 만점) 찍을수잇겟죠? 재종에서하는게 뭔가 불안감도없고 그냥 학원에서 시키는대로하는게 좋은거같아서 .. 학원은 강남으로갈거같애요  시키는거하는것도 좋은방법입니다 하지만 자신의 약점은 스스로극복해야한다는점 잊지마세요  아 근데 혹시 그럼 학원은 재종에 있는 독재학원 다니신건가요??  ㅇㅇㅇ 울산대성은 독재도있고 재종도있습니다  회원에 의해 삭제된 글입니다.  국어어휘?공부하셧다는데   어떻게하신거에요??  어휘뭐별거있습니까 쓰고외우고듣고반복하고  국어 어휘말한건더ㅠㅜ 책어떤거쓰셧어요??  어휘집   위에써놨어여 확인부톽!  군대는 어디로 다녀오신건가요?? 그리고 공부하기에 가장 적합한 곳은 어디일까요?? 추천해주실 곳 있으시면 추천부탁드립니다 ㅎㅎ ㅠ  육군 21사단 출신입니다 저는 독재학원! 이유는 글밑에 추가작성해놓았어요  아아 저는 군대에서 공부하려면이 궁금했는데..  공군이나 의경 운전병중 어디가 제일 낫다보십니까?? 보통은 군대가면 제대직전에 한번 칠 수 있는건가요??  공군이 공부하기에는 훨씬 환경이 좋습니다. 분위기도 그렇구요. 국가 자격시험이나 한자,한국사 수능 등 시험도 외출형식으로 시험이 가능하다고 하네요. 제 친구가 현재 공군이고 얼마전 한자2급 한국사 고급 시험을 쳤습니다. 직접 들은 이야기 입니다.  저는 육군 출신이라 자세히 모르겠습니다.  누가 울의빵꾸 예측하니까 눈뒤집혀서 대응글 쓰신분이네요ㅋㅋㅋ 울의 꼭 붙으셈 장학금 타셔서 효도도 하시구요!  이정도 노오ㅗ오오오력이면 의사시험도 한방에 하실듯  올 4~5등급 학생이 앞으로 남은 10개월 공부해서 의치대 가능할까요?  현실적으로 어느 정도까지 가능할꺼라 생각하시는지요..?  어렵습니다 해낸다면 고1,2,3 죽어라공부한학생을 기만하는겁니다 절대적량공부량이필요합니다  ㅇㅈ... 공부해보니까 시간이 필요함  고생 많으셨습니다. 멋지십니다. 입시에서도 좋은 결과 있길 바랍니다.  단, 이 글은 현역, 하위권 N수생이 1년만에 성과를 내고자 하는 경우에는 적절히 취사 선택해야 할 듯합니다.  이 글 공부법이 적용 되려면 몇 가지 요건이 필요합니다.  1. 현역과 재수를 겪으면서 222 11 (인설 공대) 2. 대학 생활을 하면서  많은 배경지식을 보유 3. 24시간을 온전히 자신이 주체적으로 활용할 수 있으며, 2년의 시간이 소요됨.  와정말정리잘해주심 인용하겠습니다  넵~!  수영탐은 걱정이 없는데 국어만 문제인 문과생인데요(국어 4등급) 지금부터 남은기간동안 매일 국어에만 8시간정도 투자한다고 했을때, 확실한 1등급을 받을 수 있을까요?(독학재수생입니다)  ㄷㄷㄷㄷ 국어만 하면 다른 과목은요. 급한건 알지만 배분 잘하셨으면 합니다. 문과는 공부안해봐서 어느 정도가 적당한지는 모릅니다.  ㄷㄷㄷㄷ 급한건 알겠는데, 과목별 밸런스 유지해야 됩니다. 문과는 공부해보지 않아서 어느정도가 적당한지는 모릅니다.  국어 요즘문법으로도 변별자주하던데 갈수록 어려워져가고있고해서  13번 같은건 어떻게 대비해야죠?  개념강의 충분히 이해한다음 복습주기적으루~ 사례활용중심으로 문제풀이 + 주기적인 양치기  ㅇㄹㅇ  ""차분하게 침착하게 오늘 하루를 열정적으로 보내보자."" 도서관에서 공부하다 머리 식힐 겸 읽는 도중에 좋은 말씀 감사합니다. 다시 하는 1년 반성해야 겠습니다. 감사합니다  회원에 의해 삭제된 글입니다.  회원에 의해 삭제된 글입니다.  꾸준히해서 하루에 10시간최소 공부시간잡았을때 의대가 가능하다 생각하시는 등급대를 어느정도로 보세요? 평균적으로 최소 이등급이여야지 가능하다 그런것 말입니다  몰라여.... 아마도 본인이 스스로 알지않을까요?  어떤분이 울의빵꾸 예측하니까 눈뒤집혀서 대응글 쓰신분이네요ㅋㅋㅋ알고보니 울의 붙고싶어서 그랬던거군요ㅎㅎ 이 글을 보니 많이 간절하셨던분인거 같네요 울의 꼭 붙으시고 장학금 타셔서 효도도 하시구요!   울의뿐만아니라 학생들 선동하는거같아서 예민한입시철에 피해보는학생없는마음에서 썼어요~  와 근데  463 23에서 1년 만에 222 11 하신 것도 엄청 대단하시네요!! ㅎㅎ 재수생인데 자극받고 갑니다!!ㅎㅎ  혹시 입영신청 해서 상근 안나오면 다시 취소하고 상근 나올 때 까지 계속 신청 가능한가요?  몰라영....ㅠㅠ  아 군대 상근가고 싶다 ㅠㅠ  상근가면 의치 노릴거에요 ㅠ 이번에 재수로 잘가고 봐야지  리스펙  좋은 글 정말 잘읽었습니다 !  군대에서 공부하고 있는 입장인데 도움 많이 되었습니다. 감사합니다  진짜 인간 승리... 저랑 나이가 비슷하신데 저는 올해 나이 핑계로 현실에 타협해서 한의대를 택했는데요... 일년 더 할 용기도 없고 그냥 만족했는데 대단하십니다...축하드려요!! 한의대 생각은 안해보셨나요? 주변 장수생분들은 의치보다 한의대 목표로 하시는 분들을 봐서요!  ㅋㅋㅋㅋ 한의대 떨어져서 한번더함...  혹시 경희대공대 다니다가 울산대성 자습반 다니신 분이신가요 혹시.....? 양치할때 자주뵌거같은디....  뀨!?  이번 수능 화1 지1 선택했는데 화1이 3등급에서 오르지가 않네요 ㅠㅠ 재수할때 생1 으로 바꿀까 생각 중인데..어떻게 생각하시는지??생1도 타임어택 심한가요??  ㅇㅇ.... 생1도 화학이랑비슷하게느껴짐  수능 시간에 바이오리듬?? 맞추는 연습은 언제부터 하셨나요?  저 처음 공부시작할때부터영 그러니까 2년전이여.  어휘끝 5.0 말씀이신가요? 그걸 어떻게 1년만에 다 외우죠..  강의 40강정도 -> 하루 1~2강 30일 책목차 21강 -> 하루 1강 복습암기 -> 20일이면 한바퀴 2년동안 돌렸고 10번넘어가면 하루 2개씩은 됩니다.  고2 11월  국수영물지 12221에서 놀아서 수능 25341 국수영물지 떠버리는 바람에 저번주부터 독재다니고있습니다 ㅜ 올해 알차게보내면 지방치한 가능하리라보십니까? ㅜㅠ  제가 된다면 하고 안된다면 안하실겁니까? 불안해 하지 마시고 하루하루에 충실해보세용  궁금한게있는데요.. 국어 반복이나 기타여러번 보실때 문제집에 푼것은 어떻게하셨나요? ? 새로뽑으셨는지 그대로하셨는지..    풀때마다 새로 샀어요 복사하는 것보다 사는게 싸게 먹힘 ㅋ  ㅂㅎ형 수고하셨습니다~^^ ♡  정체좀 밝혀주셈  저보다 한 살 많으신데 저랑 인생역사가 거의 똑같아서 놀랐네요.. 수고하셨습니다.  봉구링님 혹시 국어 문법강의 추천 가능한가요?  저 재종반에는 현강이라 추천불가능하고, 인강은 박광일쌤꺼들음  멋있으세요 ㅠㅠ 진짜 힘든길이셨을것 같아여   글 내용이 전반적으로 많은 수험생들에게 큰 도움이 되겠지만 이것만은 따라하지 않았으면 해서 오랜만에 댓글을 남깁니다. 시험장에서 예민하게 구는것보다는 처음부터 그에대한 연습을 해두는게 좋다고 생각합니다. 시험장에서 내 뒷사람이 너무 긴장해서 갑자기 내 등에 토를 할 수도 있는데 그때에도 당황하지 않고 차분히 실력을 낼 수 있는 그런 마인드말이죠..  인용 하겠습니다. 좋은 지적 감사합니다.  그런데 4월 초반에 시작해도 안늦나요? 돈이 없어서 돈을 버느라 어쩔수가없네요.. 17수능은 12325입니다  네 늦어요 라고하시면 안하시는건가요? 12월부터 공부하는 얘들보다 부족한건 맞겠죠 경제적인건뭐모르지만 각자다 인생힘든게잇음 당신이 힘들지않다는게 아니고 받아들이고 그상황에서 어떻게 할지를 생각해보라는말  수학공부 혹시 어떤 인강 들으셨는지 알려주실수있으신가요?그리고 수1수2미적1어느정도로 공부해야할까요?  강의는 위에적어놈 수1 2 미적? 모르는게있으면안됨 정의 물어보면 말할 수 있을정도  좋은 글 감사합니다. 인쇄하고 정독했네요.  대학다니다 다시 하는 미필 문과 삼수...생이지만. 열심히 해보려구요. 수험생으로 보는 마지막 수능이 되길.. ㅠ  중학도형은 어느 정도로 해야할까요? 중학생 때 도형 공부를 안해놔서...저는 독학하는 n수생입니다 요점 외우는 정도가 아니라 중학교 내신 문제 정도는 언제라도 풀 수 있을 정도로 해야 벡터가 어떻게 나오든 풀 수 있을 것 같은데...수능엔 한두문제 정도 나오니 도형, 기벡에만 치중할 수도 없구요. 조언 부탁드립니다  ㄴ 요점정리된거 반복 한두번말하는게아님 툭치면나올때까지 그래야 도형문제나오면품 근데 그것만가지고풀리는문제를낼리가없음; 정리강의 공짜많던데 그거하나면충분  댓글 감사합니다. 정리강의 외에 따로 문제 푸는 건 과한 걸까요? 일주일에 한번 정도로.. 도형에 자신이 없어서요.  자신없다면 하는것도 나쁘지않죠ㅎㅎ 고1교육청 추천~  신승범 인강을 1년동앗 수접까지 두번돌린건가요?  고3 강의 3가지 있지 얺나요? 그거영 수.해, 고난도, 실전 이것만 2번이요.  수학 1~28은 예제를 푸셨다고 하셨는데 무슨 예제를 말씀하시는 거에요? 그리고 29 30은 무슨 문제를 푸셨는지.  오로지.기출인가요?  제가 쓴 예제는 수능에서3점정도의 난도의 문제를 의미합니당. 수능특강, 수능완성문제도 포함되구요 쉬운문제들을 일정량 풀어야한다는 의미입니다 기출이제일좋은데 일반문제집(쎈, 블랙라벨)도 상관없습니다~ EBS가 연계라고하니 풀어보는것도 괜찮겠네요 저는 EBS는 한번만풀고버렸어요  알겠습니다 감사해요  아 질문이 두개였군요 29 30은 한석원쌤 크리티컬포인트, 실모 신승범쌤 고쟁이, 실모, 강의교재 현우진쌤 드릴, 실모 오르비문제 등등 가리지않고 다풀었습니다  저는 1년간 울산대성자기주도학습반의 학생이였습니다. 울산대성학원은 자기주도학습반의 학생이라도 재수종합반과 마찬가지로 정규반 선생님들이 질문을 받아주십니다. 그런 측면에서 다른 재수학원과 조금 차이점이 있다고 생각되네요. 인터넷 Q&A로 하는 것과 대면해서 질문하는 것은 많은 차이가 있습니다.   라고 하셨는데요   현재알텍  기벡미2 2회독 진행중 인 고3현역 인데요. 수학 커리를 알텍 3회독 후 기출에 들어가려하는데 자습 학원 같은데 가서 자습하다가 질문할만한거 모아서 일주일에 한번 정도 질문 활용하는건 어떤가요? 이투스 24/7 이라는데인데요... 아 그리고 질문 하실때 수학 기준 어떤거 위주로 질문하셨나요? 구체적으로 무엇을 어떻게 얻어가야하는지 고민입니다.. 단순히 헤설지 재생이 아닐까 걱정도 되구요 ㅠ ㅠ 마지막으로 합격 축하드립니다!!    아래  좀애매하네요  일단 해설지와 저의풀이의 차이점의 이유대해서 많이 질문했습니다. 그래서 어느부분의 개념을 다시봐야하는지가 주요 질문점이였던거같아요. 저는 일주일에한번 시간내서 하는거 좋다고생각합니다 특히 국어에서 얻을게 많죠. 수학,탐은 혼자 해결되는게 대부분입니다ㅎㅎ; 추가적인건 쪽지루 부탁해용  쪽지보냈는데 확인가능하신지요?  전역하자마자 11월부터 바로 재수 시작했습니다  지금까지 두달동안은 집에서 국어 문법, 영어 문법등 간단하게 정리했고  2월부터 울산대성 자기주도학습반 들어갈 생각입니다.  통학버스가 나온다고는 하는데 왕복 1시간~1시간30분정도 걸리거든요  그냥 학원주위에 방을 잡는게 나을까요??  방잡는게 좋아보이긴하는데 확신이어렵네요 저는 통학거리를 중요시둬서 안가까웠다면 기숙들어갓을거같아요  저 공부법이 언제부터 시작된건가요?? 16수능부턴가요?  17수능와서 좀바뀐거지 별큰차이는없던거같아요  울산제일고출신맞나여  책갈피  Respect  영어문법 무슨강의 들으셨나요?? 혹은 추천하실만한 교재 있는지?? 구문공부는 어떻게하셨나요?  문법은 김기훈쌤 문법의골든룰101?강의제목에 101이들어가요 구문은 천일문, 강대고급영어요 천일문은 기본서 느낌이고 강대고급영어는 독해와  초고난도라서 수능에서는 천일문만해도 충분합니다만 불안할경우 강대고급영어까지도추천  국어랑 수학 기츨 어느 문제집 몇 회독 하셨나요? 수학은 문제집에 풀고 다시 사셨어요 아님 공책에서 여러번 푸셨나요?  형 복습하러 옴요. 가끔 공부 힘들 때 여기 댓글 달건데 괜찮음??  6평 11131찍음. 3은 생1인데 5월에 생1으로 바꿔서 생1 아직 공부 덜함.   요새 공부 잘 안되긴 하는데 형처럼 열심히 하고싶음요. 나도 울산대 논술 쓸거니까 붙으면 만나요ㅇㅇ 아 연의도 쓸거라서 연의붙으면 연대갈거 ㅎ   암튼 이번에 6평 생각보다 많이 틀려서 더 열심히 해야함. 9평은 안정적 1등급 찍도 수능도 개잘보겠음. 나중에 공부 잘 안되면 또 올게요ㅇㅇ  굿  왜 이제봤을까....진짜 멋지당 ㅠㅠ   잘읽고 인쇄해갑니다.. 저도전역하고 다시 도전합니다 수기잘읽고성공하겠습니다  오랜만에 다시봅니다. 나중에또보게 삭제하지말아주세요ㅋㅋ  102일. 메이저가자 대치의 노베이스탈출기 ",152,46561,   수기 의대 추천  
2017-01-02,"
                    
                    
                    
                    재수생활 꿀팁 
                ",https://orbi.kr/00010429296, 수학 - 이창무 개념~파이널 전까지 파이널은 어려워서 안들음            한석원 개념~파이널 전까지 이창무 선생님 강의는 정말 죽이되도록 들음 듣고 또 듣고 생각나면 듣고 ... 시중에 나와있는 사설이나 봉투모의고사 다풀음 하루에 5개고 6개고 점수 정해놓고 그 점수 안나오면 나올때까지 잠 안자고 계속풀었다. (나한테 일종의 벌을 줬다) 중요한건 끝나고 채점하고 오답하면서 반성하는게 진짜 중요!!  (수능수학 100점)영어 아침에 재수학원 오고 가면서 mp3에 영어 파일 넣어가지고 들으면서 다님 수능특강 ~ 수능완성까지 7번 넘께풀면서 다외움 책장에는 항상 같은책을 7개씩 꽂아놨다. 영어강의는 이명학 어법1.0 내 영어의 기틀을 닦아준 인강 정말 이거 듣고 나서부터 영어 문장에 접근하는 방법자체가 달라졌다 문제를 풀때 끊어읽기 시작함... 문법 틀린적 없음 이거듣고단어는 따로 하루에 50개씩 외우고 나머지 단어들은 문제풀거나 인강듣거나 공부하면서 모르는거 넘기는 카드에 적어서 외움 나중에는 넘기는카드 60개 넘음 근데 이렇게 외우면 진짜 나중에 모르는 단어 거의 없어짐 개존좋.. (수능영어 100점) 나머지 독해는 학원.... 국어 이건 현역때부터 고정 1등급이라 문법정도만 일타강사 커리 따라가며 들음 나머지는 문학책 서점에서 사서 많이읽음 근데 이것도 도피처로 사용되면 안되고 시간 딱 정해서 일요일 2시간 이런식으로 읽음 정말 도움 많이됨 (모의고사 풀때 조각지문나오는거 책 다 사서 읽음) (수능국어 98점)국영수만 말씀 드립니다 탐구는 학원에서 해서...               ," GOAT...  ㄷㄷ 수영 100 지렷다  재종 다니셨어요? 수업 들으시면서 이창무, 한석원 풀커리 타실 시간이 있으셨나요?  띵학띠 어법1.0 어법문제에만 도움되는 강좌 아니에요?  어떤 점에서 좋아요?  이창무 개정상 좋아요?  저는 아침 6시에 가서 저희반 불키고 저녁에 불끄고 갔습니다 점심 저녁시간도 사람 다 빠지고 20분만에 밥만먹고 와서 공부하구여 시간이 아깝다는 생각을 재수하면서 처음해본거 같습니다 절박하게 하면 정말 다 잘보실수 있을꺼에요 ^^  어법 1.0 영어의 어법은 다 잡아줘서 저는 좋더라구요 그 뒤로 문장성분 끈어읽는 습관도 생기고요 저는 영어 한다 하면 이 인강부터 추천합니다 !!  해석에도 도움이 많이 되나봐요?  저도 현역때는 그냥 읽으면 해석 되길래 두리뭉실 하게 풀어서 답맞추고 했는데 그게 수능때는 기복이 좀 있더라구여 근데 재수때 끊어읽는거 습관화한 뒤부터는 해석이 어렵든 쉽든 기복없이 된다고 해야되나? 되게 좋더라구요  ㅇㅇ  이창무 좋습니다 개념은 정말 확실히 잡아주더라구요 개인적으로 너무 좋았음 !!  이과분이세요? 그러면 과탐은 뭐하셨고 어떻게 하셨는지..  생1 화1 했습니다 학원 커리큘럼따라 갔어요 ~~  비문학은 어떻게하셨나요? ㅠ ",13,2164,   96년생 재수생 학습 모바일  
2017-01-02,"
                    
                    
                    
                    현역 국어 만점자의 누구나 하는 국어이야기
                ",https://orbi.kr/00010425230,"   국어  내 생각에 제일 애매한 과목이다. 공부를 해도 점수가 나오는 것 같지도 않고 공부를 안한다고 해도 그닥 떨어지지도 않는 시험 당일의 컨디션이 제일 중요하다고 생각한다. 국어라는 과목 자체는 어렵고 이해하기 까다롭지만 목표가 모국어에 대한 이해같은 것이 아니라 수능국어이기 때문에 난이도가 쉬워진다.첫번째로 내가 수능을 보면서는 긴장때문인지 잘 못느꼈지만 6,9,10... 등등 모평을 볼때마다 EBS가 비중이 크다는 것을 실감했다. 올해는 어떻게 나올지 잘 모르겠지만 어쨌든 수능 연계라고 나오는 EBS는 봐야된다.다음은 EBS 연계교재 활용법이다. 나는 첫번째로는 그냥 풀었다. 아무리 연계교재라 하더라도 그 전에 일단 문제가 들어있기 때문에 풀어보면서 자신의 실력을 알아보는 것이 중요하다고 생각하기 때문이다. 교재 문제의 난이도가 너무 쉽다고 풀 가치가 없다고 생각하면 안된다. 풀면 다 못맞출테니깐. 만약 연계교재로 수업을 하는 경우에는 무조건 수업을 듣기전에 풀어봐야 한다. 지문을 사전에 한번도 안보고 풀어보는 것과 어떻게든 읽어보고나서 푸는 것은 그 체감난이도 차이가 크다. 한번 자기 실력으로 풀어보고나서 수업을 듣든 지문을 분석하든 하라. 첫번째로 풀고나면 두번째부터는 분석을 해야 하는데 이때에는 대강 무슨 내용인지는 가늠은 될 것이다. 이때 너무 조급하게 지문을 꼼꼼히 분석한다는 마음을 가지면 안된다. 아무리 꼼꼼하게 분석한다고 해도 놓치는 것이 있기 때문에 자신이 완벽하게 했다는 마음을 가지지 마라. 가벼운 느낌으로 한번 책을 돌린 후에 세번째에는 확신하면서 분석해야 한다. 연계교재 출판 시점부터 수능까지 시간이 많이 남은것이 아니기때문에 3번 돌려 보는 것이 가장 효율적이라 생각한다. 물론 시간이 남으면 더 봐야겠지만. 어쨌든 세번째 볼때는 교재가 아니라 지문만 따로 프린트해서 보도록 해라. 어차피 수능도 시험지는 교재형이 아니라 프린트형이기 때문에 최대한 익숙해져야 한다. 프린트로 지문을 뽑아서 철저하게 분석한다는 마음을 가지고 다시는 안본다는 느낌으로 공부해라. 그러면 혹시 놓친 것이 있더라도 수능에 안나올 정도로 사소한 것 혹은 충분히 유추할 수 있는 것일테고 놓치지 않은 것은 완벽하게 이해될 것이다.이제 문제에 대해서 얘기해보겠다. 먼저 화법, 작문 파트에서는 그닥 어려운 문제는 나오지 않는다. 그러나 모든 시험의 시작이기 때문에 그날 가지는 긴장감에 따라서 틀릴 수도 있다. 이 부분을 풀때 제일 중요한 것은 자신감을 가지는 것이다. 근자감이 아니다. 너는 적어도 수험생 타이틀을 가진 동안, 많으면 십년이 넘는 기간동안 수능을 잘 보기 위해 공부했다. 화작문을 보면서 잘 안읽히거나 어렵다고 느끼면 안된다. 이것은 그 하루를 좌우할 수있는 느낌이기 때문에 모르겠더라도 자신이 정답이라 확신해야한다. 그리고 보통90%이상 연계되기 때문에 화작문은 무난하게 넘어갈 것이다. 문법은 경찰대/사관학교에서 나오는 다음중 틀린 문장은? 혹은 다음중 긴소리를 고르시오. 같은 문제가 아니라면 전부 문제 안에 답이 있다. 많이 어려워하는 고전 문법의 경우 100% 문제를 위한 예시 혹은 고어 지문+현대어 풀이가 제시될 것이고 그 안에서 무조건 답을 찾을 수 있다. 문법 파트에서는 미지칭/부정칭만 아니라면 아무리 모르더라도 문제를 질 읽어보면 풀 수 있다. 미지칭/부정칭은 그 느낌을 알아야 한다. 이는 비슷한 문제를 몇번 풀고 분석해본다면 알 수 있을 것이다.이제 대망의 비문학이다. 나같은 경우는 시험지 왔다갔다 넘기는 것을 좋아하지 않아 순서대로 푸는 편이다. 비문학을 공부하는 방법은 생각보다는 간단하다. 시간을 재고 풀어라. 가장 좋은 경우는 옆에서 누군가 타이머를 재 주는 것이고 이게 불가능할 경우는 자신이 시간을 안보고 타이머를 사용하는 것이 제일 좋다. 실제 지나가는 시간과 자신이 체감하는 시간은 확연히 다르기 때문에 타이머를 보면서 푸는 것 보다는 설정만 해놓고 안보면서 풀고 다 푼뒤에 얼마나 흘럿는지 확인하는 것이 좋다. 아마 자신의 생각보다 시간이 훨씬 지나있는 것을 확인할 수 있을 것이다. 그리고 내가 비문학 지문을 읽는 방법은 이렇다. 먼저 빠르게 한번 훑어본다. 어떤 내용인지 짐작해보고 중요한 단어가 뭘까 체크하면서 넘기는 것이다. 중요한 것은 이 작업에 지문 길이를 떠나서 30초를 넘기면 안된다. 그 후에 문제를 본다. 이 작업이 익숙해진다면 문제를 보면 대충 지문의 어디쯤에서 답을 찾을 수 있을지 보일 것이다. 문제를 본 뒤에 다시 지문을 읽는다. 이러면 처음보는 지문이라도 너무 낯설다는 느낌은 들지 않아 마음이 좀 편해질 것이다. 그리고 단어나 사자성어 문제는 그냥 연계교재에 나오는 단어만 알아도 충분히 풀 수 있다.다음으로 문학 파트이다. 이 파트는 어떻게 보면 제일 쉽고 어떻게 보면 제일 어렵다. 사람마다 문학 작품에서 받는 느낌이 다르기 때문에 시의 분위기같은 2점짜리 문제가 이해하기 어려울 정도로 힘들 수도 있고 반대로 외적 준거를 제시하는 3점짜리 문제가 더 쉬울 수도 있다. 시든 소설이든 수필이든 외적 준거가 주어진 문제는 아무리 그 지문이 이해가 안되더라도 외적 준거를 본다면 어느정도 느낌을 찾을 수 있다. 또한 다수의 작품을 모아놓은 지문의 경우 공통점을 찾는 것이 중요하다. 이 작품을을 왜 모았을까? 시의 진행방식? 중심 소재? 분위기? 등등... 그리고 이 공통점은 2점 문제로 출제된다. 고전 소설은 쉽다. 극 소수의 특별한 작품을 제외하고 모든 작품들이 비슷한 진행 구조+결말+교훈을 가지고 있다. 보통 주인공 등장->(시련->극복)->반복->행복하게 잘 살았습니다 or 모두 죽고 말았습니다 의 구조이다. 이 기본 틀에다가 전쟁이 나오면 군담소설, 사랑이 나오면 애정소설, 천계의 존재가 인간이 된다면 적강소설 등을 끼워맞추면 된다. 현대 산문은 그 작가가 살았던 시대에 대한 배경지식을 알고 있다면 좋고 아예 모르는 작가이더라도 내용과 분위기에 따라서 어느 시대에 쓰여진 작품인지 대충 느낌이 올 것이다. 그 분위기에 따라서 맞춰가면 무난하게 넘어갈 수 있다고 생각한다. 고전시는 현대어로 되어있지 않은 경우 어렵다. 번역되어있지 않은 고전시를 해석하기 위해서 최소한의 고어에 대하여 공부해야한다. 이는 사미인곡/속미인곡/관동별곡/선상탄 네 작품에서 고어와 현대어를 비교하여 찾아본다면 대부분의 고전 작품을 이해할 수 있을 것이다. 시나리오나 수필 장르는 출제 될 경우에 등장 인물이 누군지, 누가 말하는지만 파악하더라도 쉽게 풀 수 있는 난이도로 출제되며 이는 수능특강만 잘 보더라도 충분히 풀어낼 수 있다.이게 쓰다보니까 너무 길어졌는데 어쨌든 국어에 대하여 애기하자면 이렇다. 수험생 타이틀을 달고 있는 1년이라는 시간은 수능 국어를 준비하기에는 많지만 다른 과목이 어느정도 받쳐줄 때의 이야기다. 적어도 수능 연계교재가 나온 이후로부터는 한눈 팔 시간이 없단 것을 알고 공부해야 한다. 시험을 칠 때 대략적으로 화작문 20분 비문학 30분 문학 25분의 시간을 투자한다고 생각하고 푸는 것을 추천한다. 개인차에 따라서 걸리는 시간에 차이는 있겠지만 그래도 최대 양보지점도 생각해야 한다. 적어도 시험을 칠 때에는 중간중간 시계을 보면서 남은 시간에 따라서 안풀리는 문제를 넘겨놓고 나중에 도전하는 융통성을 가져야 한다는 것이다. 무엇보다도 시간을 잘 보내야 한다 80분이아닌 70분이라는 마음을 가지고 연습해라. 시간내에 푸는 것이 목적이 아니라 검토할 시간을 남긴다는 생각까지 가지고 풀어내야 한다. 또한 omr카드 작성은 빠를수록 좋다. 나같은 경우에는 한페이지 풀고 바로 마킹하고 다음 페이지 푸는 스타일인데 이런다면 답을 고치기 어렵다는 생각이 들어 더 집중되는 것 같아서 추천하는 방식이다. 그렇다고 고칠 수 없는 것도 아니니 많이 긴장할 필요는 없다.사람마다 스타일이 다르지만 내가 공부한 방법과 문제푸는 방법등을 적었다. 한번쯤 시도해보고 괜찮다 싶으면 사용했으면 좋겠다. ",,0,1382,   국어 학습 98년생 모바일  
2017-01-01,"
                    
                    
                    
                    예비 고3 1년 커리큘럼 좀 봐주세요, 특히 올해 수능보신 분들 부탁드려요
                ",https://orbi.kr/00010416915," 1. 국어 (11월 모의고사 원점수 100 백분위 99.77)1월 : 2017 수능용 이근갑 종합 국어, 문법 강의2월 : ebs 수능특강 국어 시리즈 1회독, 고전시가의 모든것 1회독3월~9월 : 마르고닳도록 1,2,3 각각 2회독, ebs 수능완성 국어 시리즈 1회독10월~수능 : 총 복습 및 실전 모의고사 풀이2. 수학 (11월 모의고사 원점수 88 백분위 96)1월~4월 : 현우진 뉴런, 수분감, ebs 수능특강 수학 시리즈 1회독5월~8월 : 현우진 드릴, ebs 수능완성 수학 시리즈 1회독9월~수능 : 현우진 킬링캠프, 실전 모의고사 풀이3. 영어 (11월 모의고사 원점수 86)1월~4월 : 능률 보카 어원편 2회독, ebs 수능특강 영어 시리즈 3회독5월~9월 : 능률 보카 어원편 2회독, 기출의 법칙 유형편 1회독, 수능실록 3회독, ebs 수능완성 영어 시리즈 3회독10월~수능 : 능률 보카 어원편 1회독, 실전 모의고사 풀이4. 사회문화 (경험 x)이지영 풀커리 (ebs, 기출 포함 다른 문제집 x)5. 한국지리 (6월 모의고사 원점수 45 백분위 94)이기상 풀커리 (ebs, 기출 포함 다른 문제집 x)-----------------------------------------수정 해야할 점이나 좀 더 보완해야할 점, 아예 방법이 잘못된 부분 지적해주시면 감사합니다.만약 저에 대한 정보가 더 필요하시다면 덧글로 요청 시 바로 답변해드리겠습니다.한 예비 고3생의 앞으로 인생 중 아주 큰 부분을 도움주신다 생각하시고 도와주시면 잊지않겠습니다. "," 이근갑 ??.. 수특보단 기출을 먼저 1년동안 하시는게 낫지 않을까요??  이근갑x 박광일o + 그릿, 리트는 선택 연계 : 문학 , 영어, 영독, 사탐 선기출 후연계 아 문과시내..수학은 어떻게 하든 한 선생님만 파면 무난하게 만점 받으실 것! 절평이라고 해도 영어가 많이 약하시니까 너무 쉽게쉽게 하지는 마세요 이명학 일리 신택스 리로직 공부 하시고 이쏠 키스 ㄱㄱ 사탐은 이과라 모르겠지만 이지영은 듣지 말라고 하더랍니다(~카더라)  ",2,880,   독학생 공부질문  
