1date,2title,3link,4content,5comment,6commentNum,7hitNum
2017.12.30. 14:26,물1 물2 ebs 강사 추천해주세요~,https://cafe.naver.com/ArticleRead.nhn?clubid=10197921&page=1&menuid=2033&inCafeSearch=true&searchBy=0&query=%BC%F6%B4%C9%C6%AF%B0%AD+%C8%AD%C7%D0&includeAll=&exclude=&include=&exact=&searchdate=2017-01-012017-12-31&media=0&sortBy=date&articleid=19316059&referrerAllArticles=false,  2학년 올라가면 “물리화학” 이라는 과목이 있는데 물리 개념을 다시 잡고가고싶어서 수능특강을 구매했어요   문제풀이는 크게 신경안쓰구 개념 잘 설명해주시는 ebs 선생님 추천해주세용!!                                                             ================================,물리1은 차영선생님 추천하고 물리2는 제가 안해봐서 잘 모르는데 한분만 계신걸로 알아요 아하 감사합니다!!! 맞아요 약간 나이드신 남자분! 강의 참 잘하세요 ㅎㅎ 물1 차영선생님 강추해요 ㅠㅠ 진짜 개념 잘 잡아주세요. 차영쌤 강의로 개념이랑 ebs하고 기출 많이푸세요 !! 네ㅎㅎ감사합니다!! 차영선생님이요!,0,483
2017.12.25. 20:55,예비고3 수능특강 사야할까요?,https://cafe.naver.com/ArticleRead.nhn?clubid=10197921&page=1&menuid=2033&inCafeSearch=true&searchBy=0&query=%BC%F6%B4%C9%C6%AF%B0%AD+%C8%AD%C7%D0&includeAll=&exclude=&include=&exact=&searchdate=2017-01-012017-12-31&media=0&sortBy=date&articleid=19256097&referrerAllArticles=false,요즘 ebs꺼 별로라는 분들이 많아서요..아니면 그냥 국어는 매삼비 매삼문 같은 문제집 사서 꾸준히 풀고 영어는 제가 노베라서 문법은 로즈리t 듣고 구문은 조정식t 병행하면서 공부하고 단어는 따로 외울건데 문제집 뭐풀죠? 수학은 그냥 현우진t 풀커리 따를꺼고..음 과탐은 생명 백호t 화학 고석용t 커리 따라갈껀데수능특강 사서 풀어볼 필요가 있을까요오?!,"영어랑 국어 문학 문법만 푸세요 잉 감사합니다 학교에서 수업한다고 사라고 하지 않나요 연계를 체감하지 못한다지만 연계가 되는 과목들도 있고, 저는 영어랑 수학 수특 수완을 열심히 봐서 그 덕을 많이 본 거 같아요... 사시는 게 좋지 않을까요 ? 가격도 비싸지도 않구요 ! 감사합니다아! 감사합니당 감사링요 으흠! 감사해요:) 음 그러면 매삼비같은 문제집이랑 수특이랑 병행하면서 풀까요!? ebs 수특은 학교에서 끝내요 수특나왔나염?? 한국사 절대 사지마요 절대 ..... 사고 책도 안펴봄 ㅋㅋㅋㅋㅋㅋㅋㅋㅋㅋㅋㅋㅋㅋㅋㅋㅋㅋㅋㅋㅋㅋㅋㅋㅋㅋㅋㅋㅋㅋㅋㅋㅋㅋㅋㅋㅋㅇㅈ ㄹㅇ 돈낭비 오짐 국영수과 다봤는데 좋았어요 영어랑 국어 수특 엄청보면 수능때 연계된게 막보이는데 거기서오는 마음의 평화란...☆",0,875
2017.11.22. 22:45,수능 끝나고 책 나눔할껀데 가져가실분 있나요? 새책 엄청많아요!,https://cafe.naver.com/ArticleRead.nhn?clubid=10197921&page=1&menuid=2033&inCafeSearch=true&searchBy=0&query=%BC%F6%B4%C9%C6%AF%B0%AD+%C8%AD%C7%D0&includeAll=&exclude=&include=&exact=&searchdate=2017-01-012017-12-31&media=0&sortBy=date&articleid=18982054&referrerAllArticles=false,"수능특강 문학 , 화법과 작문 , 영어듣기 수능완성 물리I메가스터디 시발점 미적분I 상/중/하 , 시발점 확률과 통계 상/하 , 시발점 수학II , NOVA 지구과학 I , NOVA 4개년 기출모음집 지구과학 I , 베테랑의 개념관성 화학 I기억나는게 이거밖에없네요.거의 다 새책이고 몇개는 앞쪽만 한 2장 정도 풀어져있어요~학교가면 한 5~6개정도는 더있을껀데 필요하신거 가져가실분있나요??","시발점 어떤거 말씀하세요?? 넵 ! 수능끝나고 답글 다시 달께요~ 감사합니다^^ 어떤거 원하세요~? 윗분 먼저 원하시는거 드리고 나머지 말씀드릴께요^^ 감사합니다! 정ㅅ 저요 어떤거 원하세요 ~? 화학1이요! 네네!수능끝나고 답글 드릴께요! 저요시발점이요ㅜㅜ 딱 문과네요 시발점 과목 어떤거요 ~? 다좋아요ㅠ 문과라 아 ㅋㅋㅋㅋㅋㅋㅋㅋ 윗분들중에서 남은거 다드릴께요 흐어 감사합니다ㅠㅜ 수능 대박나세요오! 사놓고 .. 거의 다 안풀어서요ㅠㅠ수능 끝나고 총정리 올려드릴께요! 네네! 저요 부탁드립니다! 메가 지학 들으려고 했는데 부탁드립니다~ 어떤거 원하세요? 저 베테랑 화학받고싶어요 네네수능끝나고 답글 다시 달께요^^ 네 감사합니다 -수능끝나고 답글로 새책같은거 다 말씀해드릴께요^^ 먼저 댓글다신분들부터 말씀하신거 드리고 남는거 드릴께요 - 일단 시발점 미적1 시리즈 줄서 봅니다.ㅠ 지구과학1 문제집 받을수 있을까요?? 수능 대박나세요!! 수특 문학, NOVA 지구과학1 4개년모음집, 미적분1,2 관련문제집.수능기출도 좋구요 있으심.ㅠ.ㅠ~ 너무 감사합니다~ 남는거 줄서봅니다~^^ 남은게 있다면 과목 상관없이 받고 싶습니다 ㅠㅠ알바해도 책값이 감당이 안되네요... 시발점 확통줄서봅니당 지1이요 시발점확통마감됬나요? 화법과 작문받고싶습니다~~~~ 지금 나눔 하시나요? 시발점 미적이나 확통 줄서봅니다 nova받고싶어요 시발점 아무거나 다 받구 싶어요 ㅠ 혹시 화학 이미 나눔 됐나요?",0,724
2017.11.19. 10:13,화학1..,https://cafe.naver.com/ArticleRead.nhn?clubid=10197921&page=1&menuid=2033&inCafeSearch=true&searchBy=0&query=%BC%F6%B4%C9%C6%AF%B0%AD+%C8%AD%C7%D0&includeAll=&exclude=&include=&exact=&searchdate=2017-01-012017-12-31&media=0&sortBy=date&articleid=18959287&referrerAllArticles=false,"                6월은 어려웠고 9월은 쉬웠잖아요(저의 체감) 수능은 그 중간일까요 6월보다 어려울까요?? 그리고 제가 6,9둘다 낮은 2떴는데 수능에서 낮은1뜨려면 어떻게 해야해요 지금ㅠㅠㅠㅠ 인강은 학기초반에 박상현 만점완성듣고 9월에 킬특들은거밖에 없어요 그걸로 겨우버티고 있고 화학에 많은 시간을 투자하지 못해서 에라 모르겠다 하고 수능보려했는데 더생긴 7일 중 이때까지 3일은 실모푼거 다시보고 수능완성 다시풀고 EBS에서 올려준 실모풀었는데 하면 할수록 자신감만 떨어지네요ㅠㅠㅠㅠ잘 못풀어서.. 저의 문제는 4페이지까지 도달하는데 시간이 오래 걸린다는 점이고(18~20분) 킬러나 조금만 꼬은 신유형도 너무 어렵게 풀어요..시간이 진짜 없어요ㅠㅠ  이시점 뭘봐야 4페이지를 좀 맞출까요?..단기 특강이나 정리해놓은 자료같은거 좀 추천해주세요 하루 통째로 화학에 투자할 의향 있습니다ㅋㅋㅋ쿠ㅜ  +)6,9둘다 1페이지에서 1문제 나갔는데 이거 예방법 좀..?ㅜ       ================================","헉그것만돼도 정말좋겟어요..!설마1컷이 50일린 없겠죠?혹시 추천해주고싶은 특강같은건 없으세요?ㅠㅠ 아니 특강은 괜찮은것 같아요 감사합니다ㅎㅎ 안녕하세요 화학1 선택한 재수생입니다공부안되서 글 남겨요 ㅋㅋㅋ3페이지 전까지 18~20분이면 나쁘지 않은 속도라고 생각해요그리고 올해 6평이 조금 더 어려운것같긴 하지만 둘다 쉬운 편이였다고 생각합니다작년같은 경우 6,9도 물론 어려웠지만 수능이 유형이 완전히 다르게 나와서 체감난이도가 엄청 높았던기억이 있네요..수능은 진짜 통수를 칠 만큼 어려울 수도 있습니다. 작년 수능 풀어보시면 감이 오실 거에요그래서 3페이지까지 다 맞추겠다는 생각으로 풀고 1페이지 풀때 더욱 꼼꼼히 보시고요.3페이지까지 막히는 문제가 16번정도에 나올 수도 있는데 아닌것같다 싶으면 넘겨도 되요4페이지 4문제중에 1~2문제는 풀수 있는 문제가 나올겁니다 (개인취향: 탄화수소 중화반응 금속의반응성 양적관계 중 잘하는거) 그리고 나머지 문제도 시간이 되면 풀면 좋겠지만 시간이 없으면 선지 세서 가장 적은 번호로 2~3개 몰아서 찍으세요.. 그게 최선인듯 합니다참고로 4페이지 번호는 답이 전부 다른 경우가 많은 데 그렇다고 다 다르게 찍으면 다 틀릴 수도 있으니한 번호로 몰아 찍는게 1개라도 맞출 수 있습니다단기특강이나 자료정리해놓은것보다는 실모나 수능완성 실모 푸시면서 감각 익히시는게 좋을 것 같네요 아.. 정말 감사합니다!!맞아요 작년 평가원은 그냥 미친것 같더라고요..그렇게 나오면 진짜 3페이지까지 다맞추는것밖엔 답이 없겠어요ㅋㅋ그런데 4페이지에서 그중에 탄화수소가 젤자신있긴한데 딱히 자신있는 분야라기보다는 그냥 쉬워보이는걸 먼저 풀거든요 수능때도 그렇게하는게 좋을까요 아님 지금이라도 중화나 양적관계만 딥따 팔까요?? 작년에는 탄화수소도 어려웠으니 양적관계 중화반응도 연습해두시는게 좋을것같아요근데 1-3페이지 틀리면 말짱도루묵입니다 ㅜㅜ 고수니뮤ㅠ저 헷갈려서 그러는데 모든 A산염기는B에,B산염기는 L에 포함되는 관계인가요?ㅠㅠ",0,288
2017.10.31. 23:10,사설모의고사 화학 구매,https://cafe.naver.com/ArticleRead.nhn?clubid=10197921&page=1&menuid=2033&inCafeSearch=true&searchBy=0&query=%BC%F6%B4%C9%C6%AF%B0%AD+%C8%AD%C7%D0&includeAll=&exclude=&include=&exact=&searchdate=2017-01-012017-12-31&media=0&sortBy=date&articleid=18836044&referrerAllArticles=false,"                수능을 2주 남긴 시점에서 ebs수능특강,완성,파이널,봉투형을 풀어보고 마지막으로 사설 모고를 풀어보려고 합니다. 그런데 대부분 인기 많은 사설모고는 강의까지 구매해야하더군요ㅠㅠ 혹시 시중에서 구매할 수 있는 것 중 질이 괜찮은것이 있나요? (여기서 질이 좋다는 것은 최소 ebs파이널 수준의 난이도는 되야한다는 뜻,)  만약 질이 좋은 것이 없다면 그냥 괜찮은것 소개해주셔고 감사하겠습니다!             ================================",대성파이널? 대파 말씀하시는 거죠? 난이도는 ebs파이널보다 어려운가요? 비상꺼는 사지마세요  그냥 씹 스레기 비상에듀말고 그냥 비상꺼요! 넵! 참고하겠습니다. 사설도 괜찮은듯 대성빼고.. 참고하겠습니다! 감사합니다. 정훈구 비추요.. 백인덕 좋아요 일단 오르비 walker는 비추... 진짜 너무어려움 그러면 화학 안정적인2등급이 목표라면 오르비는 summer정도로 충분할까요?그리고 혹시 죄송하지만 정훈구모의고사는 괜찮나요? 9부를 약 40000원에 팔더라고요. 정훈구 모의고사는 제가 안 풀어봐서 모르겠고 summer는 괜찮을 거 같네요백인덕 넘버원 파이널도 풀어보세요 개인적으로 맘에 드네요 감사합니다.,0,440
2017.10.21. 01:34,정훈구 테마특강,https://cafe.naver.com/ArticleRead.nhn?clubid=10197921&page=1&menuid=2033&inCafeSearch=true&searchBy=0&query=%BC%F6%B4%C9%C6%AF%B0%AD+%C8%AD%C7%D0&includeAll=&exclude=&include=&exact=&searchdate=2017-01-012017-12-31&media=0&sortBy=date&articleid=18782869&referrerAllArticles=false,고2구요 수능은 화학 칠생각이에요 이번 기말고사 범위가 4단원이기도하고 수능도 화학칠거라서 4단원 제대로보고 올라가는개 좋을거같아서 정훈구 익스트림 테마특강들으려고하거든요(대성프패) 익스트림 테마특강 좋나요?? 모의고사치면 화학 1등급 2등급나옵니다..,1.2등급이면 테마특강 안들어도될거같은데 차라리 스페셜 기출분석 들으세용 기출분석은 내년에하려구요.. 간단하게 테마특강할까 생각중인데.. 테마특강은 고2 수준이면 가능할 듯요. 1.2 등급이어도 그리 만만치는 않음. 할만할 거임,0,292
2017.10.18. 18:39,생명과학(화학)문제교재 질문입니다!!,https://cafe.naver.com/ArticleRead.nhn?clubid=10197921&page=1&menuid=2033&inCafeSearch=true&searchBy=0&query=%BC%F6%B4%C9%C6%AF%B0%AD+%C8%AD%C7%D0&includeAll=&exclude=&include=&exact=&searchdate=2017-01-012017-12-31&media=0&sortBy=date&articleid=18771856&referrerAllArticles=false,"                     제가 백브인강 화생을 개념인강을 3번듣고 같이 백브기출문제집이랑 수능특강을풀었었습니다! 근데 계속하는게아니라 한번시작하면 딱하고 끝내서 개념도자꾸까먹어서 모의고사가9월10월이 화생23,34/29,20을맞았어요.. 너무 개념인강만 보다가 시간을다쓴것같아서 후회되네요ㅠㅠ 이제 꾸준히 남은한달동안 문제풀이인강을 보면서 기출도 풀려고합니다! 수학이랑 같이해야되서 문제가 너무 많지않은 괜찮은 기출문제집추천해주세요         ================================",,0,50
2017.09.08. 00:33,화학1 문제집,https://cafe.naver.com/ArticleRead.nhn?clubid=10197921&page=1&menuid=2033&inCafeSearch=true&searchBy=0&query=%BC%F6%B4%C9%C6%AF%B0%AD+%C8%AD%C7%D0&includeAll=&exclude=&include=&exact=&searchdate=2017-01-012017-12-31&media=0&sortBy=date&articleid=18599862&referrerAllArticles=false,                  안녕하세요 이번에 9평 화학 본 고3입니다. 이번에 45점 맞았는데 현재 기출이랑 수능특강이랑 수능특강은 풀어본 상태입니다. 이제 뭘 해야하나요? 봉투모의고사 풀까요?            ================================,음 저는 수완 풀엇는데 9월 5일에 풀었어요 그냥 이런 문제가 잇구나 하면서 풀엇어욬ㅋ 고석용 모의고사는 어디서 구할수 있어요? 서점에서 파나요? 근데 마더텅은 이미 풀었는데 2번 풀가치가 있나요??,0,295
2017.08.24. 20:35,적성 공부하는데...점점 자신감이 없어집니다...,https://cafe.naver.com/ArticleRead.nhn?clubid=10197921&page=1&menuid=2033&inCafeSearch=true&searchBy=0&query=%BC%F6%B4%C9%C6%AF%B0%AD+%C8%AD%C7%D0&includeAll=&exclude=&include=&exact=&searchdate=2017-01-012017-12-31&media=0&sortBy=date&articleid=18543260&referrerAllArticles=false,"                제가 이번 여름방학때부터 적성을 준비해왔습니다. 넥젠 문제집으로 쭉 훑어보았는데...국어영어도 그렇지만 수학이 너무 많이 심각한것 같아서요... 제가 작년 9월 모평으로 나형을 보았을때 1이 나왔는데...적성에서는 한장에 5개에서 6개씩 틀려요... (아, 저는 가형을 쭉 하다가 나형으로 바꿨습니다!)  바꾼 이유가 국어하고 영어를 올리기 위해서 수학을 바꾼것입니다. 그래서 나형에 과탐을 보는 애매한 수험생이죠. 내신이 4~5점대라서...차마 학생부도 넣기 힘들고 그렇다고 모의고사를 발 보는 편도 아니라 수시도 거의 최저 없는 곳으로 넣을려고 합니다. 그 중에서 적성이 괜찮아 보여 지금 꾸준히 하고 있습니다만... 제가 잘 하고 있는지 모르겠어서...네... 지금 적성 문제집 뿐만아니라 ebs수능특강 국어 영어를 게속 쭉 풀고 있는 상태이고 매 2~3일 동안 1회씩 모의적성을 보고 있습니다. 아, 학원을 다니지 않아요..   이과쪽 계열로 적성을 보려는데.. 적성 문제집 수학 유형만 주구장창 풀어도 되는걸까요? 매번 적성 볼때마다 수학에서만 7개씩 틀려서 죽을것 같습니다... 그렇다고 다른곳에서 다 맞는것도 아니고... 한달밖에 남지 않았는데...공부 방식을 바꿔야 할까요?ㅠㅠ (국어 모의고사는 4~5, 영어는 2~3, 화학:3~5, 생명:2~3) 입니다.  제 모의 평균 등급입니다.             ================================","자신감없으면 떨어져야죠 뭐 별수 있습니까. 그래도 정말 가고싶은 대학교라서 붙고 싶습니다.그리고 공부방법에 대해서 묻고 싶었을 뿐입니다. 밀고나가세요, 의심하지마세요. 붙을겁니다 감사합니다...제가 부정적으로만 생각한 탓인가 봅니다..열심히 해보겠습니다! 윗분 말이 너무 심하시네;; 저도 한때 적성고사 준비했었는데 많이 푸니까 늘긴하더라구요 문제집을 3권 산듯.. 근데 저는 도저히 수학을 시간 안에 못풀어서 포기했어요ㅠ 그래도 님은 적성고사가 수시에서는 마지막 남은 희망이잖아요?ㅎㅎ 꼭 합격하시길 심하다고하시는데 평범하게 위로만해주는 댓글이 의미가있는지 모르겠음. 이런말듣고 자극받아서 잘해야지. 공부법같은거 따로없음. 두번실패를 경험한사람이 던진말이 뭐가심했다는건지도 모르겠지만 고3이 던진것도 아니고이런건 그냥 마음의안정을 얻고싶어서, 내가잘하는건지 모르겠어서 그냥 확신을 가지고싶어서 자꾸 상담같은걸 하고싶어하는거지. 해줘봣자 전혀의미없는걸 알고있는 저로써는 가장 좋은답변을 준거임 그리고 아무리 옆사람들이 잘하고있다거나 잘했다고 말해줘봤자 그확신이나 불안해소 얼마안감. 다시금방생기지.   자기스스로 확신을 가져야지. 역시...수학이 문제긴 하군요...수학을 마지막으로 푸는게 옳은거겠죠..?답변 감사합니다!! 저건 자극이 아니라 기분나쁘라고 쓴 글 같아 보여서요 글 쓰신 분도 공부방법을 물었지 자극해달라는 말은 안하셨어요 전 위로보다는 저는 이렇게 해서 실력이 늘긴했다라는 말을 한거구요 자극받아서 잘해야한다 공부법따위는 없다 이건 님생각이잖아요 저도 제 의견을 적었을 뿐입니다 네네! 적성고사는 수학이 점수를 좌우한다고 들었어요 국어랑 영어를 먼저 빠르게 푸시고 남은 시간은 수학에 투자하는게 좋을것같아요 제가 님이 본인생각을 적은거에대해 언급한적은 없습니다. 님이 제가적은말을 평가하셔서 그에 대한 답변을 했을뿐입니다. 님생각말했다는거에 뭐라고 한 적은 없네요. 공부방법물었다는데 당연히 내용 안읽었음 뻔해서.. 불안하고 자신감없다셔서 그에대한 답을  했을뿐입니다. 아 그리고 제가원래 첫마디를 강하고 짧게 단문으로 던져두고 차차 조언을 깊게해주는편이라 기분나쁘게 보일순 있겠네요.  하지만 의도된겁니다 ㅠ  ..  뭐 서로 경험 나누는건 좋은거니까 님도 저도 정보전달 잘 해줫으면 그걸로 좋죠. 일단 글과 관계없는 말들은 그만두죠..  민감하게 반응해서 죄송합니다.   글작성자분께도 쓸데없는말 도배해놓아서 죄송합니다. 저랑 비슷한 처지네요ㅠㅠ성적도 비슷하고..꼭 적성붙었으면 좋겠어요:) 감사합니다..!경빵님도 대박나셨으면 좋겠습니다! 고대세종 어떠심저가 3등급 그냥 감으로 맞출때 23개맞았음5등급이시면 27개정도맞음되요(국어노벤데 14개맞고 여어는..9개ㅋㅋ) 고대세종도 생각하고 있지만...아직 기출을 풀어보지 못해서..ㅠ곧 풀어볼 생각입니다..! 가천대로 풀었을때에는 37개까지가 최선이었어요..ㅜ좋은 정보 주셔서 감사합니다!",0,665
2017.08.09. 20:45,선생님 추천해주세요,https://cafe.naver.com/ArticleRead.nhn?clubid=10197921&page=1&menuid=2033&inCafeSearch=true&searchBy=0&query=%BC%F6%B4%C9%C6%AF%B0%AD+%C8%AD%C7%D0&includeAll=&exclude=&include=&exact=&searchdate=2017-01-012017-12-31&media=0&sortBy=date&articleid=18495367&referrerAllArticles=false,이비에스 수능특강 화학1 선생님 추천좀해주세요,김성은 or 양진석,0,59
2017.07.20. 09:53,이번에 과탐 수능완성 살지 고민인데,https://cafe.naver.com/ArticleRead.nhn?clubid=10197921&page=1&menuid=2033&inCafeSearch=true&searchBy=0&query=%BC%F6%B4%C9%C6%AF%B0%AD+%C8%AD%C7%D0&includeAll=&exclude=&include=&exact=&searchdate=2017-01-012017-12-31&media=0&sortBy=date&articleid=18433509&referrerAllArticles=false,화학하고 지구과학 수완 좋게 나옴요?아니면 차라리 특강이나 풀까..둘중 하나밖에 풀시간이 없어서...,,0,64
2017.07.19. 23:52,인터넷 강의 추천해주세요!!,https://cafe.naver.com/ArticleRead.nhn?clubid=10197921&page=1&menuid=2033&inCafeSearch=true&searchBy=0&query=%BC%F6%B4%C9%C6%AF%B0%AD+%C8%AD%C7%D0&includeAll=&exclude=&include=&exact=&searchdate=2017-01-012017-12-31&media=0&sortBy=date&articleid=18432724&referrerAllArticles=false,                                    원래 과탐을 화생으로 볼려구 했는데 도저히 화학은 저랑 안맞는것같아서 지생으로 갈아탈려구해요...!! 지학이랑 생물 개념정리가 잘되어있고 꿀팁같은거 많이 있는강의 추천해주세요ㅎㅎ ※참고로 생물은 감수분열이랑 유전파트쪽에 약하고 지학은 반년정도쉬어서 기억에 남아있을지 미지수에요..ㅋㅋㅋ 지학 공부했을때는 천문학쪽에 약했어요 ※ 지구과학 수능특강 수능완성 다 사야되겠죠??!                         ================================,감사합니당!!,0,70
2017.07.17. 02:31,너무급해여ㅠㅠ 수능특강 화학1 문제해설...,https://cafe.naver.com/ArticleRead.nhn?clubid=10197921&page=1&menuid=2033&inCafeSearch=true&searchBy=0&query=%BC%F6%B4%C9%C6%AF%B0%AD+%C8%AD%C7%D0&includeAll=&exclude=&include=&exact=&searchdate=2017-01-012017-12-31&media=0&sortBy=date&articleid=18425510&referrerAllArticles=false, 갑자기 ebs서비스 점검ㅠㅠㅠㅠ 낼1교시시험인데ㅠㅠㅠㅠ 문제풀이강의 다운안받았는데ㅠㅠㅠㅠ 문제푸는거정리한거나 강의있으신분있나요..??ㅠㅠㅠ 6강이랑7강 문제풀이필요해요..                                                             ================================,에..에고 힘내세요..저도 지2 시험전날에 벼락치기하다가 그런적이..몇문제정도 남으셨는데요?? 50문제정도남았어요... ㅇ...어...2단원들어가시나요 넹...? 아 글을 지금봤어요 ㅜ 차라리 다른단원이면 제가 도움이라도 드리고싶었는데 4단원쪽이 젬병이라...ㅠㅠ 그쪽이좀많이어렵긴하죠..ㅎㅎ,0,59
2017.07.04. 20:47,선생님 추천점해주세요,https://cafe.naver.com/ArticleRead.nhn?clubid=10197921&page=1&menuid=2033&inCafeSearch=true&searchBy=0&query=%BC%F6%B4%C9%C6%AF%B0%AD+%C8%AD%C7%D0&includeAll=&exclude=&include=&exact=&searchdate=2017-01-012017-12-31&media=0&sortBy=date&articleid=18394242&referrerAllArticles=false,                                            Ebs 수능특강 화학1 지구과학1  선생님 추천좀 해주세요                 ================================,기상호 선생님 이번에 ebs찍으셨던데 한번 들어보세요.,0,72
2017.06.03. 23:21,계획어떤가요?,https://cafe.naver.com/ArticleRead.nhn?clubid=10197921&page=1&menuid=2033&inCafeSearch=true&searchBy=0&query=%BC%F6%B4%C9%C6%AF%B0%AD+%C8%AD%C7%D0&includeAll=&exclude=&include=&exact=&searchdate=2017-01-012017-12-31&media=0&sortBy=date&articleid=18332707&referrerAllArticles=false,"이번모의고사 80 80 80 35(화)35(지) 인 이과생인데요.  계획좀봐주세요.   국어- 수능10개년/  6,9모5개년/ +빅데이터 비문학 +수특문학 영어-리로직+수능특강     수학-미적2는 뉴런다듣고 문해전+수분감 //기벡은 뉴런다듣고 드릴+수분감   //확통은 알텍다듣고 뉴런 시냅스+수분감 화학-올어바웃 카이스 다끝내고  ultimate+수능특강 지학-수능특강2회독 +김지혁(기출) //  7월말 8월초정도까지 목표인데 수정할것있을까요?             ================================",,0,94
2017.05.29. 00:26,공부게획 평가좀 해주세요,https://cafe.naver.com/ArticleRead.nhn?clubid=10197921&page=2&menuid=2033&inCafeSearch=true&searchBy=0&query=%BC%F6%B4%C9%C6%AF%B0%AD+%C8%AD%C7%D0&includeAll=&exclude=&include=&exact=&searchdate=2017-01-012017-12-31&media=0&sortBy=date&articleid=18318156&referrerAllArticles=false,"                  현재 재상황은  이과고 현재 내신은 34등급정도고 생기부는 해놓은게 없어서 종합으로는 못 갈 것 같아요 지금 내신으로는 지거국 하위권 과는 갈 수있을 것 같아요,  일단 정시를 노려 보려고 합니다.  국어 - 대체로 12등급정도 나오는데 별로 기본베이스 (특히 문법이나 문학 개념, 비문학 풀기 스킬 등...) 가 없어서 좀 불안 합니다. 일단 방학동안 기출 풀고 ebs 개념의 나비효과 한 번보려고요.. 특히 문법을 여름 방학동안에 집중적으로 잡으려고 하는데  인강 이나 교재추천좀해주세요...  영어  절대평가가 된뒤로 1등급을 유지 하고 있긴 한데 역시 이것도 문법지식없이 감으로 푸는 거라서 불안해요.. 또 수능특강을 인강 안듣고 정리된 자료만 보고 할생각인데 이정도면 충분할까요??  방학동안  씨리얼 영어 기출이랑 전홍철 스피드리딩,스피드 어법 들으려는데 이정도면 1등급맞는데 충분할까요?  수학가형 가장 많이 하는건데 거의 바닥입니다.. 45등급정도 나와요.. 수능특강하나 제대로 못풀었고 기출도 푼게 없어요. 과외에서는 개념만하고잇고요.. 미2,확통은 오른다 곽선생 센 하고 잇고 기벡은 마플 교과서 풀고 있어요...   과탐은 생1지1 하고있는데 겨울방학때 뭐할까 갈팡질팡 하다 공부를 거의 못했고 특히 지1은 노베이스 상태입니다.. 생1은 최정윤 듣다가 너무 저랑 안맞아서 그만 둿고 ebs변춘수 듣고 있습니다..유전은 거의 못했고요.. 최정윤 유전 특강들으면 도음이 될까요... 지1은 원래 화학 하려다 돌렸습니다.그래서 지금 ebs최선묵강의랑 수능특강 가지고 하고 있어요 방학때 최선묵 천체 특강도  들을려고요.. 두과목다 마더텅 기출 여름방학 부터 풀려고 합니다,..  제가 봐도 많이 한심하네요.. 나름 열심히 한다고는 했는데... 뻔뻔한것같지만 꼭 인서울 하고 싶습니다.. 상위권 분들의 조언,특히 수학 부문에서 충고 부탁합니다.... ()                    ================================                                  ================================ 1. 자신의 신분은?(재수생 or 고3/2/1, 이과 혹은 문과) → 학년은 :     3       → 문 or 이과 :       이과     2. 이번 시험의 종류와 각 과목별 점수는? → 이번 모의고사 이름은?  :       3월 모의 → 각 과목별 점수(국/수/영/탐구 순) :       25133              → 자신의 탐구 선택과목은 :      생1지1                  3. 가장 최근에 본 모의고사의 종류와 점수는? → 모의고사 종류 :                      → 각 과목별 점수 :                        4. 이번 시험에 대한 간략한 후기 및 난이도 평가 →                 ※ 국어, 수학은 A, B형 여부를 적어주세요. ※ 순수하게 표본조사를 하기 위한 게시판입니다.      대학 어디 갈 수 있느냐는 등의 질문글 금지합니다. ※ 허위점수가 추후 확인이 되는 경우 무통보 강퇴처리가 됩니다. ※ 타인의 점수 기록글에 비아냥, 욕설 등을 적으시는 경우 무통보 강퇴처리가 됩니다.        ",,0,339
2017.04.15. 20:43,"[수능서적 대방출] 쎈, 정석, 마더텅, 수능특강, 수능완성, 최정윤 생물",https://cafe.naver.com/ArticleRead.nhn?clubid=10197921&page=2&menuid=2033&inCafeSearch=true&searchBy=0&query=%BC%F6%B4%C9%C6%AF%B0%AD+%C8%AD%C7%D0&includeAll=&exclude=&include=&exact=&searchdate=2017-01-012017-12-31&media=0&sortBy=date&articleid=18243200&referrerAllArticles=false,"                (완전새책) 수능특강 권당 천원 - 한국사, 화학1만 남음 (완전새책) 수능완성 권당 천원 - 국어, 영어 남음 (완전새책) 수학의정석 기본편 기하와벡터, 미적분2 - 두권 세트로만 판매 25000원 (완전새책) 쎈 미적분2, 쎈 기하와벡터, 쎈 확률과 통계 - 세권 세트로만 판매 28000원  (완전새책) 마더텅 지구과학1, 마더텅 생명과학1, 마더텅 물리1 권당 10000원  (몇 페이지 끄적임) 수능개념 과탐 양진석의 신의 한 수 화학1  천원 (완전새책) 스카이에듀 무조건이해시키는생명과학1 The Genetics 유전 최정윤 만원 (완전새책) 스카이에듀 무조건이해시키는생명과학1 만점완성, 기출문제 워크북 최정윤 두권 세트 만원 (완전새책) 스카이에듀 지구과학1 All in one 개념완성 최선묵 7000원 (완전새책) 이투스 개념완성 주영쌤의 특별한 기본개념서 미적분2 천원 (완전새책) 메가스터디 개념적사고 기하와벡터 네모수학 강진모 천원 (완전새책) 메가스터디 개념+기출 한방에 끝 확률과 통계, 개념+기출 한방에 끝 기하와 벡터 최장희 권당 천원 (완전새책) 메가스터디 주제별 문항분석 비법 미적분2 최장희 천원 (완전새책) 메가스터디 수능이 쉬워지는 6가지 원칙 수능식스팩 7000원 (완전새책) 메가스터디 수능영단어 2580 4000원 (완전새거) 옥스포드 절취노트 공부 잘되는 노트 2000원  모든 책은 2016년에 구매했습니다 배송비 3500원입니다 여러권 사시면 네고가능합니다 공 일 공 - 구 이 팔 공 - 공 사 칠 공 문자주세요              ================================",,0,662
2017.04.04. 01:22,이과 내신 2.3이면 어디감?,https://cafe.naver.com/ArticleRead.nhn?clubid=10197921&page=2&menuid=2033&inCafeSearch=true&searchBy=0&query=%BC%F6%B4%C9%C6%AF%B0%AD+%C8%AD%C7%D0&includeAll=&exclude=&include=&exact=&searchdate=2017-01-012017-12-31&media=0&sortBy=date&articleid=18224558&referrerAllArticles=false,"                  스펙같은거 안좋은편이고.. 현재 고2까지 내신이 2.3 이거든  나는 중경외시까지는 너무 가고 싶어서 정시로 돌려서 공부하고있었는데 같은학교에 문과 내신 1.9가 경희대 붙고 그 경우 말고도 여러 경우들을 봐서...  서성한중경외시는 가고싶어서 정시하고 엄마랑 이야기해서 9월모의고사때 성과를 보여주기로 하고 재수이야기까지 했는데 내신으로 갈수 있다면 당연히 넣을거고;;  못갈수도 있지만;; 이과내신 2.3이면 솔직히 어디감?? 진짜 솔직히...  3학년 내신 솔직히 올릴자신있음 올릴수밖에 없음;; 내가 1학년때 내신 평균 1.5 이렇게 맞다가 고2 2학기 기말에 자기관리가 안되서 (독학) 수업시간에도 매번자고 독학할때 듣는 인강도 안듣고 미루고 해서 시험 하루 전에 잠 아예 안자고 기벡인강으로 개념배우고, 심지어 그 기벡인강들을때가 기벡 개념 처음배울때 였음.. 그니까 공간도형 x축,z축 이런 기본개념을 시험하루전에 공부한거;; 그렇게 살았더니 미2 4등급 기벡 4등급 화학 4등급 이렇게 뜨더라고 그나마 국영이 둘다 2라서 살아보이는거;; 1학년때는 전부 1등급인 과목이었는데 ㅋㅋㅋㅋ 그래서 충격받고 겨울방학때 이투스학원에서 일요일까지 하루 11시간 공부했음 내신시험범위 수능특강인데 수학 막히는 문제도 없고...    근데 영어,물2,화2 내신시험범위 많아서 빨리 결정해야할듯 하룻밤새에 정시했다가 수시했다가 수시논술했다가 정신없다진짜   조언해주려면 참고로 모고는 3월 국수영물화 12243         ================================","중경외시는 갈수있어요:) 유지요? 아니면 많이 올렸을때 ? 진짜 충격적이네요... 당연히 안될줄알았는데 진로에 맞게 생기부 보완좀 더하시구내신도 조금만 더 올려보세요! 2.3도 중대 학종써볼정도는 된다고봐요 일반고인 저희학교에서도 2.초반이과애가 서강대 학종붙었어요:) 근데 학종이라는게 참 도박이어서.. 내신이 만약 오르는 추세라면 더 유리할거에요 만약 1학년보다 2학년때 떨어진거라면 좀 불안하구요 2.3이 중대 안정권은 아니니 2.0정도 까지라도 올려보세요! 생기부가 많이 안좋은편인데 크게 보나요? ㅠㅠ 학종에서? 그래서 학종 포기한건데 ...1학년내신 1점대에서 갑자기 2학년때 3,4등급 나온케이스라 ... 중대는 비교과 많이보는 전형하고 적게보는전형 둘다있으니 적게보는 전형 알아보세요! 문과 친구 생기부는 거의 전교1등인데 내신이 2.7이라 도박이라생각하고 중대 비교과많이보는전형 지원했는데 추합됐어요 그만큼 비교과를 무시할순없겠죠? 한 1등급 2,3개 정도면 중대 공대가요 2.3이면 버리기아깝네요.. 3학년때열심히하면 중대정도써볼수있을것같은데 ㅠ 솔직히 중앙대 정도 생각하시면 정시가 훨씬 가능성 높은듯... 우선 스펙 별로라고 하셨으면 교과전형 생각해보실 수 있는데 내신 1.6정도 안에 들어야 하위과 가능...화공같은 과는 1.2정도가 평균이고요..종합전형도 스펙이 어느정도 받쳐주는 1중후반대 학생들이 지원하는데 스펙도 별로인데다 앞으로 올려봐야 1후반정도 될거같은데... 종합전형은 스펙이 매우매우 중요해서 내신 1중반까지 올리지 않는 이상 힘들다고 보여요 인천ㄷ9 중경외시 가능하실거 같아욥.. 저희학교 근처학교 1.8 중앙대 떨어짐 모고 딱히 엄청높은편도아니라서 둘다 하는게 좋을듯 작년 기록을 봐야합니다. 작년 2점 초반 선배가 어느정도로 갔는지요. 말이 쉬워서 중경와시지 2점대가 중경외시가는게 생각보다 쉬운게 아닙니다. 교과로는 국숭세단? 학종은 진짜 도박이라서 내신보단 생기부나 다른게 더 중요함ㅠ 원서는 상향으로 쓸수있겠지만 ... 그나마 정확한게 교과인데 2.1 만되도 홍대는 충분히 감 학종은 내신이 아니죠 이과 2.0 건대 시립대 광탈에 한양대공대 예비2 중대공대 재학중이요 내신 더 파시고 중시인 넣으셈 어느정도 괜찮나요? 지금 중간고사 치는데 꽤 좋게 나올듯해서 높은과... 전자공 컴공 그냥 정시갈게요",0,3892
2017.04.01. 00:19,지구과학을 공부하는 분들..,https://cafe.naver.com/ArticleRead.nhn?clubid=10197921&page=2&menuid=2033&inCafeSearch=true&searchBy=0&query=%BC%F6%B4%C9%C6%AF%B0%AD+%C8%AD%C7%D0&includeAll=&exclude=&include=&exact=&searchdate=2017-01-012017-12-31&media=0&sortBy=date&articleid=18218580&referrerAllArticles=false,        학교에 지구과학 선생님 안 계시고 혼자 해야하거든요 근데 이제 화학에서 지구과학으로 갈아타는 바람에 아예 처음부터 해야하는데 인강 누구를 들어야할까요? 스카이에듀 프패권 있고 수능특강 지구과학 있어요 수능특강으로 개념봐도 상관 ㄴㄴ?? 화학에 너무 크게 데여서 지구과학 잘 하고 싶어ㅕㅇ ㅠㅠㅜㅏㅜㅠㅠ                       ================================,최선묵 선생님은 어떤가여? 천체 최선묵쌤 괜찮아요! 앞부분은 크게 이해하는데 어려운 부분 없으니까 아무나 들어도 괜찮을 것 같아요 엄영대쌤 추천!!! 꼼꼼하고 원리를 알려주셔서 강의듣고 문제푸는데 전혀 지장이 없더라구요 스듀프패있으시면 최선묵쌤들으시면되죠! 괜찮았어요 전 오지훈 ㅎㅎ,0,274
2017.03.23. 00:40,수능특강 화학2 답지,https://cafe.naver.com/ArticleRead.nhn?clubid=10197921&page=2&menuid=2033&inCafeSearch=true&searchBy=0&query=%BC%F6%B4%C9%C6%AF%B0%AD+%C8%AD%C7%D0&includeAll=&exclude=&include=&exact=&searchdate=2017-01-012017-12-31&media=0&sortBy=date&articleid=18203261&referrerAllArticles=false,있는사람있나요ㅠㅠ 있다면 해설은 필요없으니까 답만이라도ㅠㅠ 우선 1단원만..!,ebs다운ㄱㄱ 데이터없으시면몇장캡쳐해드릴게여 다운로드했는데 답지만 안뜨더라구요ㅠㅠㅠ 문제만 뜨고... 제가 잘못찾은걸까요?             일단이게1강답지에요! 저방금다운받았는데 잘되는걸요.. pdf받아서 압축해제하신거맞나요? 아니면 하얀화면이뜬가는건가..ㅎㅎ 아 그 폰으로 압축해제했는데 아무것도 안뜨더라구요ㅋㅋ 나중에 컴퓨터로 해봐야겠네요!! 진짜진짜감사합니다!!♡♡,0,174
2017.03.20. 15:33,수능 책/수학 RPM 무료나눔,https://cafe.naver.com/ArticleRead.nhn?clubid=10197921&page=2&menuid=2033&inCafeSearch=true&searchBy=0&query=%BC%F6%B4%C9%C6%AF%B0%AD+%C8%AD%C7%D0&includeAll=&exclude=&include=&exact=&searchdate=2017-01-012017-12-31&media=0&sortBy=date&articleid=18198937&referrerAllArticles=false,"                      무료나눔합니다 배송은 착불로 보낼게요  1. 심주석의 수능개념(2017) -새책입니다 2. 2017 수능완성 수학-새책인데 적분쪽 두장만 번호에 채점되어있어요  3. 2017 수능특강 생명과학1- 1강만 풀어져있어요 (연구용이지만 학생용하고 같습니다) 4. 2017 수능특강 화학1- 새책입니다 (연구용이지만 학생용하고 같습니다) 5. RPM(2017) 수2, 미적1, 확통 - 수2는 집합 명제 함수 조금씩 풀어져있고,                                              미적1은 한장 풀려있고                                              확통은 아예 새책입니다   관심있으신분 쪽지주세요    ================================",Rpm 수2 미1 확통 나눔 낭낭하게 가능할까요? 쪽지드렸어요~ 생명과 흐ㅡㅏ학 부탁들ᆢ요 쪽지드렸어요~ rpm 나눔 완료 됐나요?? 네 완료됐습니다ㅠ 심주석의 수능개념 아직나눔가능한가요? 네 가능합니다! 쪽지드렸어요!,0,304
2017.03.19. 23:19,화학 고2 내신 인강추천 ebs,https://cafe.naver.com/ArticleRead.nhn?clubid=10197921&page=2&menuid=2033&inCafeSearch=true&searchBy=0&query=%BC%F6%B4%C9%C6%AF%B0%AD+%C8%AD%C7%D0&includeAll=&exclude=&include=&exact=&searchdate=2017-01-012017-12-31&media=0&sortBy=date&articleid=18198028&referrerAllArticles=false,"                                  내신대비로 인강들으려는데 양진석샘이 맘에 드내요 근데 수능특강은 너무 스킬위주인것같아서,,, 뉴탐이나 수능개념 -신의한수 들을라는데 뉴탐 은 너무 강의가 오래된것 같아서 말입니다  스킬 이런거 신경 안쓰고pvnrt 같은거 말이죠 서술혓 내신 대비는 뮈ㆍ가 좋아요+?                         ================================",,0,255
2017.03.19. 09:35,고2 이과 화학 내신,https://cafe.naver.com/ArticleRead.nhn?clubid=10197921&page=2&menuid=2033&inCafeSearch=true&searchBy=0&query=%BC%F6%B4%C9%C6%AF%B0%AD+%C8%AD%C7%D0&includeAll=&exclude=&include=&exact=&searchdate=2017-01-012017-12-31&media=0&sortBy=date&articleid=18196164&referrerAllArticles=false,지금당장 화학탐구는 크게 관심이 없구요 내신에만 집중하려하는데 중학교나 고등학교에 잠시 나온거 빼고는 처음 접해보는 학생입니다 수능특강 양진석 쌤꺼 양적반응 앞까지 들어봤는데 문제풀이에는 정말 좋고 편리함이 느껴집니다만 진석쌤이 말하시는 비례배수 법이라든지... pv=nrt 같은 skii로만 문제를 푸시는데 이와같이 푼다면 학교 서술형문제로 나왔을시 감점을 당할게 분명하겠지요 그런데 양진석쌤 강의가 맘에들어서 그런데    1.수능특강 계속듣는다 2.수능개념을 듣는다 3.뉴탐스런을 듣는다   만일 다른 강좌를 듣는다면 양적관계부터 들어야하나요 아니면 다시 들어야하나요..?,내신은 인강필요없어요ㅋㅋ개쉬움 완자랑 수특한번 푸심되료 신의한수들으세요,0,314
2017.03.09. 19:48,진지하게 여쭤봅니다..,https://cafe.naver.com/ArticleRead.nhn?clubid=10197921&page=2&menuid=2033&inCafeSearch=true&searchBy=0&query=%BC%F6%B4%C9%C6%AF%B0%AD+%C8%AD%C7%D0&includeAll=&exclude=&include=&exact=&searchdate=2017-01-012017-12-31&media=0&sortBy=date&articleid=18177267&referrerAllArticles=false,"                 오늘본거 국 : 69 영: 60 수: 29 탐(생1: 24 화: 15) 공부 하나도 안하고 봤고 진지하게 수학은 풀면서 하나도 모르겠더라고요.. 제가 수학을 진짜 내신도 그렇고 너무 못해서..특히 미적2..망했습니다 지금 그래서 진지하게 수학은 나형으로 그다음에 화학(1년 배웠는데 진짜 모르겠네요,,)도 다른걸로 돌려야하나 하는데 고민되는 이유가    가형 개어렵다 하지만 여태 한 것들이 너무 아깝다 이번에 확통이랑 기벡 내신시험 본다 그래서 내신이랑 병행하기 너무 힘들듯 수2랑 미적1도 잘 못한다  화학 여태 한게 아깝다 이것도 내신시험 나옴 우리학교는 화학이랑 생과밖에 선생님이 없고 이제서야 내신용으로 물1 배움 쨌든 지1 배워본 적 없고 물1은 이제서야 배움 그래서 바꾸는게 자신 없음     지금부터 기출이고 특강이고 뭐고 때려치고 미친듯이수능개념 들으면서 미2랑 화학 개념 잡을까요?.. 아님 그냥 나형이랑 지1 아님 물1으로 갈아타고 열심히 공부할까요... 지금 등급으로는 내신으로 가는게 훨씬 나아서,,ㅠㅠ (내신 3.3등급)   저는 만약 수능본다면 농어촌이라 그냥 ㅈㅔ발 가형 수능때 3등급까지가 목표거든요,, 진짜ㅠㅠ 다들 어떻게 생각하세요?ㅠㅠ진짜 모르겠습니다..             ================================",저도 수학 40점대나오고 나형생각중 ㅋㅋㅋㅋ 진짜 시험지넘기면서 풀수잇는게없음 ㅅㅂ 진짜 고민중.. ㅠㅠ어쩌실건가요?ㅠㅠ 내신열심히해야되는데 나형으로바꾸면 더힘들거같네요 그쵸.. 둘 다 병행하기는 힘들 듯.. 그냥 미적2부터 하는게 좋겠죠? 내신에 더 신경써서 내신을 2등급대로 올리는게 어떨지 저희가 일단은 인원수가 너무 적어서 내신따기가 힘들어요.. 26명끼리 경쟁해야해서 1등급 1명 2등급 간신히 2명.. 수학같은 경우 이과라서 그런지 엄청납니다..ㅠㅠ너무 다 잘해서.. 지1 천체부분하고 하기에 너무 막막해서..그래도 화학 저렇게 할 바에는 돌리는게 나을까요? 감사합니다...ㅠㅠ 내신때문에 버릴까 말까 고민중이였는데 그냥 돌려야겠어요..,0,317
2017.03.09. 18:26,진지하게 인생이 달린 일.. 여쭤봅니다,https://cafe.naver.com/ArticleRead.nhn?clubid=10197921&page=2&menuid=2033&inCafeSearch=true&searchBy=0&query=%BC%F6%B4%C9%C6%AF%B0%AD+%C8%AD%C7%D0&includeAll=&exclude=&include=&exact=&searchdate=2017-01-012017-12-31&media=0&sortBy=date&articleid=18176700&referrerAllArticles=false,"                오늘본거 국 : 69 영: 60 수: 29 탐(생1: 24 화: 15) 공부 하나도 안하고 봤고 진지하게 수학은 풀면서 하나도 모르겠더라고요.. 제가 수학을 진짜 내신도 그렇고 너무 못해서..특히 미적2..망했습니다 지금 그래서 진지하게 수학은 나형으로 그다음에 화학(1년 배웠는데 진짜 모르겠네요,,)도 다른걸로 돌려야하나 하는데 고민되는 이유가    가형 개어렵다 하지만 여태 한 것들이 너무 아깝다 이번에 확통이랑 기벡 내신시험 본다 그래서 내신이랑 병행하기 너무 힘들듯 수2랑 미적1도 잘 못한다  화학 여태 한게 아깝다 이것도 내신시험 나옴 우리학교는 화학이랑 생과밖에 선생님이 없고 이제서야 내신용으로 물1 배움 쨌든 지1 배워본 적 없고 물1은 이제서야 배움 그래서 바꾸는게 자신 없음     지금부터 기출이고 특강이고 뭐고 때려치고 미친듯이수능개념 들으면서 미2랑 화학 개념 잡을까요?.. 아님 그냥 나형이랑 지1 아님 물1으로 갈아타고 열심히 공부할까요... 지금 등급으로는 내신으로 가는게 훨씬 나아서,,ㅠㅠ (내신 3.3등급)   저는 만약 수능본다면 농어촌이라 그냥 ㅈㅔ발 가형 수능때 3등급까지가 목표거든요,, 진짜ㅠㅠ 다들 어떻게 생각하세요?ㅠㅠ진짜 모르겠습니다..             ================================",,0,109
2017.03.09. 01:41,물리 화학 노베인데,https://cafe.naver.com/ArticleRead.nhn?clubid=10197921&page=2&menuid=2033&inCafeSearch=true&searchBy=0&query=%BC%F6%B4%C9%C6%AF%B0%AD+%C8%AD%C7%D0&includeAll=&exclude=&include=&exact=&searchdate=2017-01-012017-12-31&media=0&sortBy=date&articleid=18175547&referrerAllArticles=false,                 저 이과생고2 인데물리1화학1 하나도 선행안했는데 학교에서 듣고 그날 한거 집가서 복습+인강+인강교재문제풀이 하고있습니다 근데 내신대비 문제집으로 사려는데 수능특강물리1화학1 사도 괜찮나요?내신대비용으로 ... 근데 수특같은건 막 처음단원에서도 뒤에 단원이랑 연관지어서 나오지않나요 ?그러면 전 못풀텐데 ... 수특이 좀  아니라면 내신 1등급 맞을수 있는 문제집 추천좀요 ... 1등급컷이 3명이라 빡세요..            ================================,"참고로 이제 고2이에요 ㅜㅜ 학교내신시험스타일이 어떤지에따라다른것같아요ㅠㅠ수능스타일이면  풀어보셔도될거에요! 푼다고손해보지는않는듯.. 완자같은 교재로 개념 잡고 수특, 기출을 푸는게 가장 좋아요!기출 푸실꺼면 마더텅 까만걸로 단원별, 연도별 다 풀어보심이 괜찮을듯 하네요. 노베면 개념서 완자나 하이탑도 괜찮을 듯 해요!",0,554
2017.02.24. 13:16,고3들 문제집,https://cafe.naver.com/ArticleRead.nhn?clubid=10197921&page=2&menuid=2033&inCafeSearch=true&searchBy=0&query=%BC%F6%B4%C9%C6%AF%B0%AD+%C8%AD%C7%D0&includeAll=&exclude=&include=&exact=&searchdate=2017-01-012017-12-31&media=0&sortBy=date&articleid=18144076&referrerAllArticles=false,"ebs수능특강은 어차피 학교에서 사용할꺼고 모의고사 문제집을 사서풀까요완자같은 문제집을 사서풀까요국어,탐구(화학 생명 한국사) 이렇게만 ",수능대비하실거면 완자말고 모의고사 기출문제집 푸세요!! 뭐가 좋아요? 다 똑같나여? 국어는 기출의고백이랑 매삼시리즈 써봤는데 괜찮았고요. 탐구는 마더텅 까만책이 좋아요!! 기출은 문제는 거의 비슷하니 서점가셔서 보고 해설 상세한걸로 사시면돼요~ 감사합니다 2개나 쓰셨다니 저랑은 비교도안되게 공부하시는듯ㅋㅋㅋ 저는 2학년때부터 기출풀어서 그런거에요ㅋㅋ 지금은 졸업했구요ㅋㅋㅋ 모의고사랑 수능기출 있는데 모의고사 푸는게 나을까요? 아마 분리 안돼있을텐데요?? 6.9.수능 들어있는걸로 사세요 교육청은 시간남을때푸시구요 아 마더텅이랑 씨뮬이랑 두께차이가 엄청나서 다른줄 알았어요 당연히 모의고사해야죠! 모의고사랑 수능기출 있는데 모의고사 푸는게 나을까요? 네네 근데 다푸는걸 권장해드려요,0,196
2017.02.15. 00:18,도와주세여ㅠㅠ,https://cafe.naver.com/ArticleRead.nhn?clubid=10197921&page=2&menuid=2033&inCafeSearch=true&searchBy=0&query=%BC%F6%B4%C9%C6%AF%B0%AD+%C8%AD%C7%D0&includeAll=&exclude=&include=&exact=&searchdate=2017-01-012017-12-31&media=0&sortBy=date&articleid=18107605&referrerAllArticles=false,               EBS 수능특강 화학1 어떤쌤이 괜찮은가요?ㅠㅠㅠ          ================================,,0,41
2017.02.07. 15:21,화학 1 박상현 vs 고석용,https://cafe.naver.com/ArticleRead.nhn?clubid=10197921&page=2&menuid=2033&inCafeSearch=true&searchBy=0&query=%BC%F6%B4%C9%C6%AF%B0%AD+%C8%AD%C7%D0&includeAll=&exclude=&include=&exact=&searchdate=2017-01-012017-12-31&media=0&sortBy=date&articleid=18066811&referrerAllArticles=false,수능 화학1 볼건데 일단 두분 다 좋은 건 알지만 진짜 양적 관계랑 산화 환원은 고석용쌤이 갑이더라구요 ㅠㅠ 그래서 개념은 박상현쌤으로하고 킬러특강부터는 고석용쌤 커리 탈려고 생각중인데 어떤가요?? 참고로 메가랑 스듀 프패 있습니다!                             ================================,,0,253
2017.02.06. 01:03,수능 문제집 싸게 팔아요!,https://cafe.naver.com/ArticleRead.nhn?clubid=10197921&page=2&menuid=2033&inCafeSearch=true&searchBy=0&query=%BC%F6%B4%C9%C6%AF%B0%AD+%C8%AD%C7%D0&includeAll=&exclude=&include=&exact=&searchdate=2017-01-012017-12-31&media=0&sortBy=date&articleid=18056531&referrerAllArticles=false,"                                       화학1 박상현 3배속 문제풀이 : 25000원 (작년) 화학1 정촉매 박상현 시크릿 모의고사 시즌1 : 7000원 (작년) 안에 문제 넣는 봉투만 뜯었습니다 봉투랑 나다어 노트 들어있어요 국어 마닳 문제집, 해설집, 지문읽는법 : 8000원 (작년) 화학1 수능 기출 플러스 : 1000원 (재작년) 생명1 수능 기출 플러스 : 1000원 (재작년) 생명1 수능특강 : 1000원 (재작년) 화학1 백인덕 파이널 100제 : 2500원 (재작년) 생명1 백호 파이널 100제 : 2500원 (재작년) 화학1 수능완성 : 2000원 (작년) 수학 너기출 외전 : 3000원 (작년) 수특 확통 미적투 기벡 문학 독서 화작문 : 권당 2000원 (작년) 영어 자이스토리 어법 어휘 + 독해 실전편 : 5000원 (작년) 이거는 앞에 조금 풀었어요!! 화학1 5개년 문제집 : 1000원 (재작년)   배송비는 착불 or 선불입니다 문의 많이 주세요!                          ================================",아니요 작년 버전이에요 ㅜㅜ 쪽지 확인해주세요 쪽지 확인해주세요!!,0,641
2017.02.04. 17:38,지구과학1 입문자를 위한 과목 소개글,https://cafe.naver.com/ArticleRead.nhn?clubid=10197921&page=3&menuid=2033&inCafeSearch=true&searchBy=0&query=%BC%F6%B4%C9%C6%AF%B0%AD+%C8%AD%C7%D0&includeAll=&exclude=&include=&exact=&searchdate=2017-01-012017-12-31&media=0&sortBy=date&articleid=18050137&referrerAllArticles=false,"     안녕하세요. 지과로 돌린사람을 위해 과목특성을 소개하려고 합니다. 전 고3때 1~2월에 시작해서 3월 30 6월 38 9월 50 수능 50 받았습니다. 본론으로 들어가자면  1. 개념이 다인 과목 개념으로 시작해서 개념으로 끝납니다. 한 80~90%는 개념 묻는 문제이고 10~20%는 개념을 이용해서 자료를 해석하는문제 그만큼 개념이 중요하고 화학처럼 꼬아둔 문제가 거의 없다. 대부분 어떤값을 구하는게 아니라 YES or NO로 판단하는 문제   2. 문제풀이 시간이 적다. 어느정도 공부한 지구과학 응시자는 평균적으로 15~20분안에 다 풀어냄 그만큼 검토할 시간이 충분해 여유로움   3. 암기가 많다. 특히 아름다운 한반도 우주탐사 부분은 쌩암기가 많아서 처음할때는 힘듬. 처음 외울땐 힘들지만 한번 외워두면 정말 편함 ""마이산 역암 타포니"" 같은게 친구이름처럼 다가온다.   4. 지엽대비? 특별하게 지엽대비하는법은 없지만  먼저 중요한개념위주로 큰 틀을 잡고 그 다음에 세세하게 공부하는게 좋다.  한번에 모든걸 잡긴 힘듬 기출과 ebs교재만 봐도 왠만한 지엽을 다 풀수있음   5. 공부방법 가장 정석적이면서 정답인 방법은 개념강의+기출 (평가원+교육청)+ ebs수특수완 (시간이 되면 3개년 추천) +알파 (사설모의고사,실모,천체N제 등등)   6. 천체  개인적으로 처음에 천체가 제일 어려울거라 생각함.  용어의 의미를 이해하고  ""그리는것""을 잘해야함 그리는건 크게 두가지로  1. 천구 2. 공전궤도 그림 이 두개로 그려서 문제 다풀음 어느정도 숙련되면 머리속으로 그림을 그릴수있음 이때부터 천체 갓이 됨 천체도 한번 하는 방법을 익히두면 나중엔 제일 쉬운 단원임 천체만 다뤄주는 인강을 들어보는걸 추천함 참고로 전 ebs 최선묵쌤 천체특강으로 도움을 많이받았음                                                         ================================                                                                 ================================",지1 좋은점 수능에 유리 나쁜점 대학교때 볼일이없음 지엽이 뭐에요? 2학년때 지학하고 수능볼라고 준비중인데 지엽이 뭔지모르겠어요 ㄷ 그리고 천체요  ㅠㅠ 너무어려워서그런데 문제집 뭐뭐푸셨어요? 제가 학기중에도 천체에서 점수가 팍떨어졌거든요 다른범위는 마더텅으로 푸는데 천체는 마더텅다틀리고 ..ㅠ 지엽은 아주 세세한 내용이라고 생각하면됩니다.무슨 우주선 이름이나 행성의 특별한 특징아니면 아름다운한반도에 잘안나오는거..천체는 최선묵쌤꺼 들어보세요 ㅇㅎ 뒷북이지만 이제 지과 시작하려는데ㅜㅜ 천체부터 하고 앞부분 하는게 나을까요? 아님 차례대로 하는게 나을까요?,0,694
2017.01.30. 00:33,계획 평가 부탁드리겠습니다..,https://cafe.naver.com/ArticleRead.nhn?clubid=10197921&page=3&menuid=2033&inCafeSearch=true&searchBy=0&query=%BC%F6%B4%C9%C6%AF%B0%AD+%C8%AD%C7%D0&includeAll=&exclude=&include=&exact=&searchdate=2017-01-012017-12-31&media=0&sortBy=date&articleid=18019060&referrerAllArticles=false,"                 제가 계획을 제대로 짜보고 해보고자 해야될것을 적고 제대로 끝내보고자 합니다 그래서  계획에 부족한것이 있을까? 해서 질문드립니다.  국어 : 나비효과 완강 , 마닳 2회독, 수능특강 문학 영어 : 김수환의 논리독해 , 리얼 영어모의고사 다풀기. 수능특강 영어 과학 : 정원재 기본개념 , 박상현 개념완성 자이스토리 물 1 , 화 1 수능특강 화학  여기서 추가했으면 하는내용이거나 뺴서 다른거를 했으면 하는 다른 좋은 방안을 알고계신분들은 조언좀 부탁드리겠습니다ㅠ 수학은 학원에 나오는 프린트하고 수업내용만 충실히하고 거기서 마더텅 수능기출풀면서 나아가고자 합니다.          ================================",단어는 모의고사에서 모르는 단어 정리하고 이투스 단어책 하나잡아서 계속하고잇어용 원재샘은 기본개념 이후 문풀 가시는게 좋을거 같은데요?,0,195
2017.01.24. 21:33,화학 박상현,https://cafe.naver.com/ArticleRead.nhn?clubid=10197921&page=3&menuid=2033&inCafeSearch=true&searchBy=0&query=%BC%F6%B4%C9%C6%AF%B0%AD+%C8%AD%C7%D0&includeAll=&exclude=&include=&exact=&searchdate=2017-01-012017-12-31&media=0&sortBy=date&articleid=17999159&referrerAllArticles=false,박상현커리타고있는데 수능대비해서 수능특강같은 연계교재도 다뤄주나요??아니면 따로사서 해야되는건지....ㅠ,16년엔 다뤄주긴했어요꼭풀고가야할문제선별해서 풀어주시는정도 그럼 미리살필요는없을까요?? 요번에 다뤄준다고 이벤트하지않나요 스듀,0,190
2017.01.23. 13:25,수능특강 스프링,https://cafe.naver.com/ArticleRead.nhn?clubid=10197921&page=3&menuid=2033&inCafeSearch=true&searchBy=0&query=%BC%F6%B4%C9%C6%AF%B0%AD+%C8%AD%C7%D0&includeAll=&exclude=&include=&exact=&searchdate=2017-01-012017-12-31&media=0&sortBy=date&articleid=17991567&referrerAllArticles=false,스프링이 좋을까요 아니면 그냥 책이 좋을까요??화학이랑 영어랑 문학살꺼에요!,취약한과목을 스프링으로 하세요~ 자주 보실 책은 스프링ㄱㄱ 답지도 스프링으로 같이 나오나요? 전 안해봐서 정확힌 모르겠는데 그렇지않을까요? 아하 감사합니다! 죄송해요ㅜㅜ 아니에요! 제본했었는데 진짜 편했어요!! 반으로 접으면 책상 공간도 널널해지고ㅎㅎ 제가 한곳은 답지 같이넣거나 따로제본하거나 아얘하지않거나 선택가능했구여! 어디서 하셨나용? 수특은 집근처 인쇄소에서하고 수완은 홀로서기라는 사이트요! 기다려야하는게 약간ㅠㅠ... 아하 감사합니다!!!!,0,599
